NAME,B25070_001E,B25070_002E,B25070_003E,B25070_004E,B25070_005E,B25070_006E,B25070_007E,B25070_008E,B25070_009E,B25070_010E,B25070_011E,metropolitan statistical area/micropolitan statistical area
"Killeen-Temple, TX Metro Area",76338.0,3033.0,6016.0,7810.0,10188.0,9596.0,6194.0,5654.0,6410.0,16755.0,4682.0,28660
"Kingsport-Bristol, TN-VA Metro Area",34503.0,2373.0,2592.0,3698.0,3892.0,3334.0,2060.0,1827.0,2706.0,6226.0,5795.0,28700
"Kingston, NY Metro Area",19206.0,487.0,1788.0,2107.0,1298.0,3003.0,1439.0,571.0,1639.0,5386.0,1488.0,28740
"Klamath Falls, OR Micro Area",9333.0,481.0,798.0,668.0,367.0,1044.0,704.0,772.0,462.0,3381.0,656.0,28900
"Knoxville, TN Metro Area",109268.0,4826.0,11144.0,11926.0,14357.0,12755.0,9356.0,5260.0,10711.0,19976.0,8957.0,28940
"Kokomo, IN Metro Area",10387.0,98.0,1441.0,595.0,1261.0,1214.0,947.0,1391.0,274.0,2025.0,1141.0,29020
"La Crosse-Onalaska, WI-MN Metro Area",19161.0,984.0,2069.0,2252.0,2832.0,1408.0,2292.0,1164.0,1749.0,3347.0,1064.0,29100
"Lafayette, LA Metro Area",57313.0,2512.0,6268.0,5376.0,4204.0,4733.0,4162.0,2664.0,5650.0,14695.0,7049.0,29180
"Lafayette-West Lafayette, IN Metro Area",35339.0,445.0,2851.0,3686.0,3704.0,2616.0,4261.0,2071.0,2704.0,9260.0,3741.0,29200
"LaGrange, GA-AL Micro Area",14060.0,622.0,1914.0,599.0,1451.0,1370.0,1440.0,891.0,1753.0,2233.0,1787.0,29300
"Lake Charles, LA Metro Area",17890.0,615.0,661.0,2160.0,1964.0,2189.0,936.0,551.0,1407.0,4614.0,2793.0,29340
"Lake City, FL Micro Area",7928.0,955.0,561.0,663.0,1308.0,660.0,800.0,248.0,974.0,889.0,870.0,29380
"Lake Havasu City-Kingman, AZ Metro Area",26980.0,661.0,1659.0,2489.0,2620.0,2586.0,2411.0,1600.0,2611.0,6987.0,3356.0,29420
"Lakeland-Winter Haven, FL Metro Area",84838.0,1817.0,8987.0,9187.0,8922.0,8471.0,7798.0,4964.0,6242.0,21078.0,7372.0,29460
"Lancaster, PA Metro Area",64619.0,3160.0,6528.0,9580.0,8595.0,6492.0,4340.0,3250.0,5005.0,13548.0,4121.0,29540
"Lansing-East Lansing, MI Metro Area",70841.0,1483.0,5356.0,9082.0,8005.0,8223.0,6046.0,4301.0,5615.0,18340.0,4390.0,29620
"Laredo, TX Metro Area",28534.0,1494.0,2177.0,1857.0,3771.0,3155.0,3070.0,841.0,2727.0,6631.0,2811.0,29700
"Las Cruces, NM Metro Area",31337.0,630.0,3230.0,2756.0,952.0,6456.0,1750.0,2250.0,3716.0,7148.0,2449.0,29740
"Las Vegas-Henderson-Paradise, NV Metro Area",370204.0,9072.0,24854.0,36248.0,38669.0,34941.0,32122.0,25877.0,37975.0,106311.0,24135.0,29820
"Laurel, MS Micro Area",,,,,,,,,,,,29860
"Lawrence, KS Metro Area",24839.0,634.0,2009.0,4423.0,1662.0,2520.0,1870.0,1417.0,2152.0,7524.0,628.0,29940
"Lawton, OK Metro Area",21811.0,497.0,2005.0,3430.0,2919.0,2153.0,1830.0,1458.0,990.0,4576.0,1953.0,30020
"Lebanon, NH-VT Micro Area",22740.0,852.0,1707.0,3744.0,2854.0,1966.0,1531.0,2045.0,1817.0,4038.0,2186.0,30100
"Lebanon, PA Metro Area",16350.0,850.0,2262.0,1524.0,1936.0,1818.0,1992.0,386.0,627.0,2626.0,2329.0,30140
"Lewiston, ID-WA Metro Area",8192.0,655.0,731.0,975.0,601.0,642.0,548.0,766.0,270.0,2097.0,907.0,30300
"Lewiston-Auburn, ME Metro Area",14116.0,717.0,639.0,1823.0,1764.0,1864.0,1305.0,779.0,1218.0,2640.0,1367.0,30340
"Lexington-Fayette, KY Metro Area",85604.0,3618.0,6485.0,8990.0,12374.0,9489.0,7560.0,4346.0,7085.0,19349.0,6308.0,30460
"Lima, OH Metro Area",13942.0,526.0,1454.0,2015.0,1602.0,1744.0,410.0,1162.0,1248.0,2461.0,1320.0,30620
"Lincoln, NE Metro Area",53164.0,2174.0,3967.0,7261.0,5389.0,6847.0,3876.0,3379.0,5100.0,12055.0,3116.0,30700
"Little Rock-North Little Rock-Conway, AR Metro Area",110079.0,4586.0,10403.0,9675.0,14100.0,11112.0,11644.0,5505.0,8904.0,23954.0,10196.0,30780
"Logan, UT-ID Metro Area",16373.0,978.0,1813.0,2218.0,2120.0,1372.0,1165.0,1073.0,1422.0,3833.0,379.0,30860
"London, KY Micro Area",16430.0,934.0,978.0,1872.0,1160.0,2304.0,690.0,905.0,1158.0,3243.0,3186.0,30940
"Longview, TX Metro Area",30491.0,1295.0,2426.0,3492.0,4299.0,3317.0,2077.0,2118.0,1995.0,7433.0,2039.0,30980
"Longview, WA Metro Area",15175.0,314.0,1146.0,2067.0,1954.0,2558.0,1188.0,401.0,1100.0,3564.0,883.0,31020
"Los Angeles-Long Beach-Anaheim, CA Metro Area",2275782.0,59696.0,141646.0,220229.0,239394.0,237656.0,199813.0,145112.0,216826.0,693216.0,122194.0,31080
"Louisville/Jefferson County, KY-IN Metro Area",164304.0,5467.0,16445.0,17972.0,19340.0,20302.0,15260.0,9523.0,14438.0,34427.0,11130.0,31140
"Lubbock, TX Metro Area",55779.0,1498.0,5368.0,5516.0,7528.0,5761.0,3841.0,2234.0,2896.0,16312.0,4825.0,31180
"Lufkin, TX Micro Area",11793.0,222.0,856.0,2861.0,1192.0,695.0,954.0,309.0,835.0,2930.0,939.0,31260
"Lumberton, NC Micro Area",15027.0,571.0,1031.0,1583.0,1191.0,1290.0,1215.0,696.0,1267.0,2808.0,3375.0,31300
"Lynchburg, VA Metro Area",28664.0,1311.0,3538.0,3447.0,2891.0,4045.0,2521.0,2239.0,1627.0,5710.0,1335.0,31340
"Macon-Bibb County, GA Metro Area",30546.0,616.0,2832.0,3362.0,2777.0,3149.0,2966.0,2235.0,2258.0,7586.0,2765.0,31420
"Madera, CA Metro Area",15956.0,288.0,811.0,1808.0,2131.0,938.0,1341.0,1125.0,1253.0,4767.0,1494.0,31460
"Madison, WI Metro Area",114824.0,4190.0,10609.0,14385.0,14758.0,15039.0,10996.0,6280.0,7649.0,24871.0,6047.0,31540
"Manchester-Nashua, NH Metro Area",54163.0,1317.0,4776.0,8470.0,6494.0,8653.0,4515.0,4339.0,3795.0,10274.0,1530.0,31700
"Manhattan, KS Metro Area",23918.0,975.0,3081.0,2517.0,2017.0,3004.0,2096.0,1279.0,2226.0,5250.0,1473.0,31740
"Manitowoc, WI Micro Area",9806.0,579.0,1091.0,2102.0,985.0,816.0,891.0,449.0,724.0,1276.0,893.0,31820
"Mankato, MN Metro Area",12887.0,948.0,1170.0,2402.0,1490.0,1384.0,703.0,493.0,964.0,2801.0,532.0,31860
"Mansfield, OH Metro Area",15631.0,757.0,1724.0,2037.0,1503.0,1359.0,1398.0,260.0,1473.0,4102.0,1018.0,31900
"Marinette, WI-MI Micro Area",4639.0,239.0,697.0,523.0,520.0,529.0,526.0,21.0,254.0,758.0,572.0,31940
"Marion, IN Micro Area",7298.0,508.0,347.0,1089.0,944.0,341.0,432.0,279.0,392.0,1630.0,1336.0,31980
"Marion, OH Micro Area",7640.0,298.0,792.0,652.0,615.0,1411.0,435.0,87.0,827.0,1871.0,652.0,32020
"Marquette, MI Micro Area",8135.0,208.0,809.0,437.0,1307.0,847.0,935.0,397.0,496.0,2382.0,317.0,32100
"Mayagüez, PR Metro Area",16392.0,233.0,518.0,854.0,1187.0,1622.0,745.0,455.0,711.0,3291.0,6776.0,32420
"Zanesville, OH Micro Area",11789.0,911.0,1549.0,1734.0,1248.0,851.0,578.0,797.0,865.0,2364.0,892.0,49780
"McAllen-Edinburg-Mission, TX Metro Area",93671.0,4595.0,7673.0,10669.0,11503.0,7564.0,6012.0,5182.0,5309.0,23953.0,11211.0,32580
"Meadville, PA Micro Area",7411.0,604.0,461.0,1160.0,516.0,409.0,540.0,167.0,658.0,1456.0,1440.0,32740
"Medford, OR Metro Area",28806.0,348.0,2290.0,3569.0,2970.0,3250.0,2254.0,1896.0,2148.0,7282.0,2799.0,32780
"Memphis, TN-MS-AR Metro Area",201014.0,4891.0,16827.0,22441.0,20725.0,23011.0,14524.0,11732.0,17066.0,54190.0,15607.0,32820
"Merced, CA Metro Area",41674.0,1422.0,3219.0,3773.0,6137.0,3967.0,2645.0,2379.0,3977.0,10804.0,3351.0,32900
"Meridian, MS Micro Area",12293.0,793.0,1658.0,925.0,805.0,595.0,842.0,509.0,2325.0,2160.0,1681.0,32940
"Miami-Fort Lauderdale-Pompano Beach, FL Metro Area",908385.0,18884.0,38611.0,72222.0,96915.0,87412.0,79091.0,69389.0,103636.0,288867.0,53358.0,33100
"Michigan City-La Porte, IN Metro Area",11418.0,18.0,1867.0,1594.0,1113.0,1412.0,861.0,279.0,801.0,2203.0,1270.0,33140
"Midland, MI Metro Area",8737.0,198.0,918.0,1404.0,1206.0,786.0,396.0,443.0,1097.0,1498.0,791.0,33220
"Midland, TX Metro Area",19951.0,707.0,930.0,3842.0,3335.0,1815.0,2424.0,294.0,1266.0,3869.0,1469.0,33260
"Milwaukee-Waukesha, WI Metro Area",253729.0,9423.0,28146.0,35246.0,30261.0,27338.0,20745.0,13260.0,18231.0,58831.0,12248.0,33340
"Minneapolis-St. Paul-Bloomington, MN-WI Metro Area",411459.0,12038.0,32512.0,50451.0,58831.0,46736.0,39826.0,23802.0,35488.0,93000.0,18775.0,33460
"Minot, ND Micro Area",12182.0,791.0,1373.0,1917.0,2091.0,519.0,654.0,1599.0,999.0,1634.0,605.0,33500
"Missoula, MT Metro Area",22094.0,1176.0,1601.0,2303.0,3426.0,2622.0,1306.0,1949.0,1902.0,4567.0,1242.0,33540
"Mobile, AL Metro Area",59144.0,2765.0,4596.0,6438.0,4052.0,6208.0,4379.0,2732.0,4741.0,15175.0,8058.0,33660
"Modesto, CA Metro Area",66949.0,1948.0,4769.0,7098.0,6863.0,7809.0,5259.0,4580.0,6736.0,17723.0,4164.0,33700
"Monroe, LA Metro Area",28420.0,1131.0,2849.0,2516.0,1895.0,2238.0,1228.0,1850.0,2457.0,8287.0,3969.0,33740
"Monroe, MI Metro Area",11445.0,715.0,780.0,1022.0,834.0,1671.0,533.0,865.0,965.0,2586.0,1474.0,33780
"Montgomery, AL Metro Area",52716.0,1812.0,4688.0,7085.0,4879.0,4357.0,3384.0,2891.0,4259.0,14987.0,4374.0,33860
"Morehead City, NC Micro Area",7213.0,178.0,737.0,361.0,413.0,624.0,615.0,886.0,1206.0,1075.0,1118.0,33980
"Morgantown, WV Metro Area",19937.0,532.0,1120.0,1776.0,2322.0,1720.0,1379.0,654.0,2067.0,5439.0,2928.0,34060
"Morristown, TN Metro Area",16101.0,945.0,1188.0,1187.0,1545.0,1327.0,1649.0,1810.0,893.0,3074.0,2483.0,34100
"Moses Lake, WA Micro Area",13816.0,1528.0,901.0,2080.0,2142.0,1380.0,600.0,1529.0,676.0,1226.0,1754.0,34180
"Mount Airy, NC Micro Area",7895.0,703.0,678.0,1065.0,592.0,1003.0,458.0,343.0,1072.0,1136.0,845.0,34340
"Mount Vernon-Anacortes, WA Metro Area",15001.0,498.0,747.0,1294.0,1296.0,2003.0,1616.0,1055.0,1632.0,3554.0,1306.0,34580
"Muncie, IN Metro Area",15479.0,785.0,1896.0,1493.0,1332.0,2484.0,1201.0,749.0,1002.0,3597.0,940.0,34620
"Muskegon, MI Metro Area",16806.0,924.0,1643.0,1416.0,2101.0,1320.0,1256.0,1092.0,1414.0,4652.0,988.0,34740
"Muskogee, OK Micro Area",8196.0,246.0,1039.0,1113.0,393.0,1003.0,821.0,773.0,318.0,1342.0,1148.0,34780
"Myrtle Beach-Conway-North Myrtle Beach, SC-NC Metro Area",48063.0,1287.0,4013.0,4667.0,4988.0,5087.0,4415.0,4405.0,2759.0,10528.0,5914.0,34820
"Napa, CA Metro Area",15931.0,306.0,897.0,1969.0,1825.0,1285.0,1745.0,973.0,1820.0,4336.0,775.0,34900
"Naples-Marco Island, FL Metro Area",44378.0,2010.0,2274.0,3016.0,4085.0,4279.0,4594.0,3662.0,2749.0,15113.0,2596.0,34940
"Nashville-Davidson--Murfreesboro--Franklin, TN Metro Area",263027.0,10790.0,20414.0,28367.0,34228.0,29735.0,26585.0,16543.0,22146.0,60091.0,14128.0,34980
"New Bern, NC Metro Area",16233.0,602.0,2132.0,1900.0,1372.0,2037.0,1095.0,1393.0,937.0,3083.0,1682.0,35100
"New Castle, PA Micro Area",9202.0,659.0,1549.0,785.0,824.0,618.0,1557.0,352.0,461.0,1656.0,741.0,35260
"New Haven-Milford, CT Metro Area",134053.0,5081.0,10051.0,13399.0,15797.0,15908.0,9120.0,11180.0,11921.0,33758.0,7838.0,35300
"New Orleans-Metairie, LA Metro Area",176884.0,4505.0,11317.0,16519.0,18352.0,17981.0,11479.0,11308.0,16883.0,52532.0,16008.0,35380
"New Philadelphia-Dover, OH Micro Area",12760.0,753.0,1127.0,1749.0,953.0,1508.0,1047.0,803.0,446.0,2700.0,1674.0,35420
"New York-Newark-Jersey City, NY-NJ-PA Metro Area",3487421.0,161258.0,280469.0,358734.0,389681.0,351559.0,296365.0,221487.0,278506.0,975500.0,173862.0,35620
"Niles, MI Metro Area",18278.0,939.0,1760.0,1727.0,2083.0,1848.0,1915.0,1192.0,1239.0,4515.0,1060.0,35660
"North Port-Sarasota-Bradenton, FL Metro Area",88974.0,3821.0,5629.0,8088.0,10867.0,8574.0,7929.0,3918.0,9962.0,24017.0,6169.0,35840
"North Wilkesboro, NC Micro Area",8690.0,207.0,728.0,1163.0,292.0,1222.0,665.0,342.0,374.0,1760.0,1937.0,35900
"Norwich-New London, CT Metro Area",36547.0,1105.0,4596.0,3520.0,4857.0,4060.0,3538.0,2506.0,2970.0,7504.0,1891.0,35980
"Oak Harbor, WA Micro Area",7342.0,104.0,579.0,856.0,1084.0,430.0,542.0,422.0,868.0,1835.0,622.0,36020
"Ocala, FL Metro Area",33821.0,1871.0,2692.0,3445.0,4610.0,3928.0,1964.0,2277.0,2769.0,6855.0,3410.0,36100
"Ocean City, NJ Metro Area",10697.0,382.0,878.0,1340.0,663.0,965.0,504.0,1859.0,339.0,2739.0,1028.0,36140
"Odessa, TX Metro Area",21024.0,1326.0,2304.0,1722.0,2714.0,1945.0,1487.0,1080.0,2311.0,4206.0,1929.0,36220
"Ogden-Clearfield, UT Metro Area",57257.0,2052.0,4438.0,7705.0,7162.0,6753.0,4302.0,4650.0,5673.0,10726.0,3796.0,36260
"Ogdensburg-Massena, NY Micro Area",12336.0,741.0,1295.0,1481.0,1815.0,1047.0,653.0,663.0,688.0,2697.0,1256.0,36300
"Oklahoma City, OK Metro Area",204175.0,7419.0,19286.0,22987.0,24187.0,21088.0,18124.0,13993.0,16177.0,46246.0,14668.0,36420
"Olean, NY Micro Area",7727.0,412.0,879.0,851.0,769.0,762.0,488.0,630.0,556.0,1818.0,562.0,36460
"Olympia-Lacey-Tumwater, WA Metro Area",39358.0,1580.0,2982.0,4535.0,3359.0,5346.0,3603.0,1950.0,4026.0,11037.0,940.0,36500
"Omaha-Council Bluffs, NE-IA Metro Area",127920.0,3779.0,11342.0,16099.0,15003.0,14403.0,11007.0,8266.0,10406.0,30317.0,7298.0,36540
"Opelousas, LA Micro Area",12064.0,662.0,1319.0,804.0,567.0,1311.0,452.0,684.0,1140.0,2543.0,2582.0,36660
"Orangeburg, SC Micro Area",11664.0,563.0,567.0,971.0,709.0,905.0,600.0,343.0,932.0,2458.0,3616.0,36700
"Orlando-Kissimmee-Sanford, FL Metro Area",363748.0,6847.0,14570.0,32223.0,39535.0,42433.0,37284.0,28520.0,41323.0,99661.0,21352.0,36740
"Oshkosh-Neenah, WI Metro Area",25054.0,1129.0,3466.0,3367.0,3828.0,3398.0,1523.0,1509.0,1083.0,4444.0,1307.0,36780
"Ottawa, IL Micro Area",17026.0,638.0,2110.0,2304.0,1341.0,2036.0,1282.0,1394.0,911.0,3110.0,1900.0,36837
"Owensboro, KY Metro Area",12146.0,457.0,2196.0,1049.0,1439.0,1436.0,844.0,860.0,760.0,2294.0,811.0,36980
"Oxnard-Thousand Oaks-Ventura, CA Metro Area",97191.0,1514.0,4422.0,11198.0,10350.0,11660.0,9774.0,5676.0,9424.0,27142.0,6031.0,37100
"Paducah, KY-IL Micro Area",9670.0,501.0,626.0,986.0,924.0,964.0,1427.0,594.0,594.0,1572.0,1482.0,37140
"Palatka, FL Micro Area",8418.0,649.0,280.0,353.0,1037.0,527.0,624.0,483.0,750.0,2105.0,1610.0,37260
"Palm Bay-Melbourne-Titusville, FL Metro Area",58833.0,1953.0,2012.0,6222.0,6478.0,6219.0,4124.0,3770.0,5498.0,17133.0,5424.0,37340
"Panama City, FL Metro Area",29149.0,1014.0,703.0,3464.0,4286.0,3907.0,3485.0,2674.0,2209.0,6218.0,1189.0,37460
"Parkersburg-Vienna, WV Metro Area",7575.0,239.0,894.0,1313.0,580.0,571.0,737.0,268.0,609.0,1639.0,725.0,37620
"Pensacola-Ferry Pass-Brent, FL Metro Area",60849.0,1763.0,4751.0,7027.0,6890.0,7048.0,4403.0,4255.0,6802.0,12604.0,5306.0,37860
"Peoria, IL Metro Area",45016.0,1792.0,4294.0,4103.0,4937.0,5236.0,3037.0,2847.0,3739.0,10067.0,4964.0,37900
"Philadelphia-Camden-Wilmington, PA-NJ-DE-MD Metro Area",799838.0,30368.0,67015.0,90024.0,92918.0,86804.0,61139.0,43652.0,64864.0,212554.0,50500.0,37980
"Phoenix-Mesa-Chandler, AZ Metro Area",612589.0,17305.0,45936.0,67658.0,72572.0,74751.0,51876.0,41037.0,58545.0,148548.0,34361.0,38060
"Pine Bluff, AR Metro Area",10298.0,701.0,721.0,1842.0,1231.0,631.0,726.0,529.0,671.0,1608.0,1638.0,38220
"Pinehurst-Southern Pines, NC Micro Area",11408.0,641.0,1484.0,529.0,1396.0,1708.0,1406.0,486.0,887.0,1951.0,920.0,38240
"Pittsburgh, PA Metro Area",292819.0,17819.0,28773.0,32681.0,36342.0,29427.0,28065.0,16602.0,20952.0,59526.0,22632.0,38300
"Pittsfield, MA Metro Area",17264.0,532.0,1101.0,1524.0,2443.0,1976.0,1354.0,1665.0,1308.0,4420.0,941.0,38340
"Plattsburgh, NY Micro Area",9463.0,601.0,548.0,369.0,1936.0,804.0,996.0,330.0,974.0,2335.0,570.0,38460
"Pocatello, ID Metro Area",11127.0,961.0,1297.0,1270.0,1616.0,983.0,746.0,834.0,888.0,1968.0,564.0,38540
"Ponce, PR Metro Area",20152.0,261.0,780.0,1402.0,1002.0,1459.0,1525.0,611.0,530.0,3995.0,8587.0,38660
"Port Angeles, WA Micro Area",8482.0,362.0,614.0,1831.0,776.0,944.0,427.0,119.0,1163.0,1529.0,717.0,38820
"Portland-South Portland, ME Metro Area",62099.0,1820.0,5894.0,8327.0,6258.0,8373.0,7266.0,3776.0,4685.0,11113.0,4587.0,38860
"Portland-Vancouver-Hillsboro, OR-WA Metro Area",380536.0,11567.0,29721.0,43393.0,44566.0,47311.0,31300.0,27093.0,34389.0,95264.0,15932.0,38900
"Port St. Lucie, FL Metro Area",42559.0,830.0,2083.0,2883.0,3269.0,5293.0,3651.0,2725.0,4980.0,13565.0,3280.0,38940
"Portsmouth, OH Micro Area",9015.0,192.0,741.0,518.0,791.0,630.0,298.0,616.0,809.0,2276.0,2144.0,39020
"Pottsville, PA Micro Area",15273.0,1326.0,2557.0,1673.0,2096.0,1774.0,715.0,420.0,612.0,2311.0,1789.0,39060
"Poughkeepsie-Newburgh-Middletown, NY Metro Area",72685.0,1796.0,4158.0,7846.0,10073.0,7484.0,6466.0,5294.0,5544.0,19761.0,4263.0,39100
"Prescott Valley-Prescott, AZ Metro Area",27389.0,1137.0,2302.0,2695.0,3119.0,3730.0,2086.0,2185.0,1505.0,6715.0,1915.0,39150
"Providence-Warwick, RI-MA Metro Area",251111.0,10471.0,20277.0,29405.0,31068.0,29626.0,22595.0,12962.0,20631.0,60841.0,13235.0,39300
"Provo-Orem, UT Metro Area",61247.0,1933.0,6574.0,7429.0,7599.0,7378.0,5696.0,4175.0,5627.0,11578.0,3258.0,39340
"Pueblo, CO Metro Area",21917.0,1044.0,1353.0,2284.0,2740.0,1999.0,1401.0,1214.0,1494.0,5872.0,2516.0,39380
"Punta Gorda, FL Metro Area",15352.0,410.0,416.0,1179.0,1274.0,1473.0,1557.0,845.0,1738.0,4429.0,2031.0,39460
"Quincy, IL-MO Micro Area",8061.0,761.0,723.0,852.0,1136.0,850.0,449.0,319.0,836.0,1248.0,887.0,39500
"Racine, WI Metro Area",26086.0,901.0,3526.0,3551.0,2953.0,2887.0,1962.0,1676.0,1384.0,6137.0,1109.0,39540
"Raleigh-Cary, NC Metro Area",176858.0,6036.0,16777.0,22108.0,23278.0,15573.0,16378.0,11902.0,13662.0,41886.0,9258.0,39580
"Rapid City, SD Metro Area",16054.0,948.0,1148.0,1421.0,2717.0,1818.0,2719.0,1005.0,915.0,1700.0,1663.0,39660
"Reading, PA Metro Area",45982.0,2382.0,4144.0,5178.0,3910.0,4380.0,4969.0,2780.0,3940.0,11455.0,2844.0,39740
"Red Bluff, CA Micro Area",7974.0,131.0,424.0,740.0,1056.0,1235.0,0.0,268.0,1125.0,2559.0,436.0,39780
"Redding, CA Metro Area",27969.0,712.0,2972.0,2531.0,3660.0,2646.0,1950.0,2443.0,2334.0,6381.0,2340.0,39820
"Reno, NV Metro Area",79531.0,2188.0,5671.0,11136.0,11883.0,8445.0,7745.0,5374.0,7457.0,15923.0,3709.0,39900
"Rexburg, ID Micro Area",6181.0,420.0,185.0,348.0,1057.0,643.0,701.0,721.0,515.0,737.0,854.0,39940
"Richmond, IN Micro Area",8271.0,174.0,621.0,929.0,1095.0,967.0,192.0,235.0,955.0,2510.0,593.0,39980
"Richmond, VA Metro Area",171926.0,5718.0,12714.0,20308.0,20413.0,15849.0,15164.0,10348.0,16708.0,44294.0,10410.0,40060
"Richmond-Berea, KY Micro Area",14848.0,476.0,570.0,1953.0,1740.0,2429.0,1504.0,1112.0,874.0,2709.0,1481.0,40080
"Rio Grande City-Roma, TX Micro Area",,,,,,,,,,,,40100
"Riverside-San Bernardino-Ontario, CA Metro Area",501573.0,10169.0,30205.0,46842.0,59698.0,49415.0,50307.0,36962.0,49594.0,139020.0,29361.0,40140
"Roanoke, VA Metro Area",40547.0,2570.0,4864.0,4173.0,4507.0,4993.0,2025.0,1651.0,3445.0,8485.0,3834.0,40220
"Roanoke Rapids, NC Micro Area",9447.0,304.0,713.0,1050.0,692.0,1500.0,601.0,436.0,577.0,2287.0,1287.0,40260
"Rochester, MN Metro Area",22683.0,991.0,1795.0,1970.0,2868.0,3282.0,2148.0,1579.0,1880.0,4898.0,1272.0,40340
"Rochester, NY Metro Area",144606.0,4971.0,12719.0,17552.0,16288.0,13058.0,13417.0,8410.0,11580.0,38111.0,8500.0,40380
"Rockford, IL Metro Area",44711.0,2643.0,3286.0,4641.0,4559.0,3917.0,5572.0,2970.0,3982.0,10380.0,2761.0,40420
"Rocky Mount, NC Metro Area",20638.0,1596.0,1824.0,2146.0,2480.0,2670.0,1656.0,1331.0,942.0,4095.0,1898.0,40580
"Rome, GA Metro Area",13056.0,590.0,2096.0,1996.0,895.0,1112.0,1451.0,501.0,507.0,2880.0,1028.0,40660
"Roseburg, OR Micro Area",13349.0,620.0,1055.0,2013.0,1338.0,881.0,1009.0,858.0,528.0,2492.0,2555.0,40700
"Russellville, AR Micro Area",11007.0,715.0,567.0,1632.0,722.0,1235.0,968.0,900.0,506.0,2658.0,1104.0,40780
"Sacramento-Roseville-Folsom, CA Metro Area",331854.0,7098.0,21578.0,36468.0,39661.0,35658.0,27225.0,23488.0,33619.0,89269.0,17790.0,40900
"Saginaw, MI Metro Area",22655.0,875.0,1519.0,1812.0,2654.0,1598.0,1244.0,569.0,3151.0,6646.0,2587.0,40980
"St. Cloud, MN Metro Area",25015.0,1306.0,2560.0,3394.0,2972.0,1649.0,1353.0,1634.0,1893.0,7373.0,881.0,41060
"St. George, UT Metro Area",20402.0,208.0,2249.0,1362.0,1807.0,2048.0,1907.0,2064.0,2200.0,5327.0,1230.0,41100
"St. Joseph, MO-KS Metro Area",15558.0,494.0,1565.0,2208.0,2269.0,1530.0,1161.0,1217.0,982.0,2996.0,1136.0,41140
"St. Louis, MO-IL Metro Area",329306.0,14242.0,33943.0,41570.0,40847.0,38847.0,25022.0,18942.0,21996.0,72017.0,21880.0,41180
"Salem, OH Micro Area",10606.0,567.0,1526.0,1592.0,854.0,942.0,725.0,668.0,416.0,1942.0,1374.0,41400
"Salem, OR Metro Area",58282.0,1547.0,3648.0,7342.0,6860.0,8948.0,5057.0,4177.0,4446.0,13854.0,2403.0,41420
"Salinas, CA Metro Area",65474.0,1052.0,3353.0,6770.0,7334.0,7962.0,7100.0,5999.0,7183.0,15902.0,2819.0,41500
"Salisbury, MD-DE Metro Area",42215.0,1863.0,3341.0,4486.0,5220.0,3078.0,3258.0,2408.0,3557.0,11629.0,3375.0,41540
"Salt Lake City, UT Metro Area",146650.0,3945.0,10047.0,17764.0,19253.0,18065.0,16185.0,9899.0,13871.0,29246.0,8375.0,41620
"San Angelo, TX Metro Area",14659.0,409.0,1438.0,2022.0,2441.0,1418.0,326.0,885.0,839.0,3413.0,1468.0,41660
"San Antonio-New Braunfels, TX Metro Area",346343.0,9325.0,24302.0,37723.0,44272.0,44107.0,31450.0,23246.0,31572.0,80172.0,20174.0,41700
"San Diego-Chula Vista-Carlsbad, CA Metro Area",531136.0,10164.0,26339.0,53159.0,60789.0,64702.0,49940.0,39457.0,51390.0,151898.0,23298.0,41740
"Sandusky, OH Micro Area",10763.0,749.0,1524.0,2537.0,949.0,373.0,602.0,350.0,677.0,2656.0,346.0,41780
"San Francisco-Oakland-Berkeley, CA Metro Area",759062.0,33011.0,66760.0,91622.0,90453.0,79286.0,62112.0,44697.0,70355.0,186598.0,34168.0,41860
"San Germán, PR Metro Area",10640.0,431.0,745.0,413.0,184.0,1124.0,347.0,449.0,456.0,1373.0,5118.0,41900
"San Jose-Sunnyvale-Santa Clara, CA Metro Area",293453.0,15159.0,30111.0,40291.0,37083.0,31113.0,28321.0,20294.0,22105.0,54838.0,14138.0,41940
"San Juan-Bayamón-Caguas, PR Metro Area",237038.0,6459.0,9657.0,17487.0,16514.0,17130.0,11467.0,9242.0,11906.0,39424.0,97752.0,41980
"San Luis Obispo-Paso Robles, CA Metro Area",39475.0,1954.0,1901.0,4164.0,3915.0,4070.0,3397.0,2720.0,4111.0,11052.0,2191.0,42020
"Santa Cruz-Watsonville, CA Metro Area",38555.0,1763.0,2909.0,5261.0,3996.0,3859.0,3510.0,1761.0,4480.0,9035.0,1981.0,42100
"Santa Fe, NM Metro Area",17946.0,811.0,2016.0,2193.0,1704.0,1228.0,1428.0,560.0,1302.0,5348.0,1356.0,42140
"Santa Maria-Santa Barbara, CA Metro Area",72469.0,2729.0,3254.0,6917.0,9037.0,5970.0,7826.0,4838.0,7097.0,21408.0,3393.0,42200
"Santa Rosa-Petaluma, CA Metro Area",70929.0,2266.0,3554.0,6492.0,7715.0,8340.0,8332.0,5345.0,7077.0,17509.0,4299.0,42220
"Savannah, GA Metro Area",59997.0,1912.0,3790.0,8493.0,6908.0,7023.0,4451.0,3407.0,5309.0,14911.0,3793.0,42340
"Scranton--Wilkes-Barre, PA Metro Area",73748.0,4799.0,9736.0,9473.0,7812.0,6979.0,6124.0,3331.0,5785.0,14775.0,4934.0,42540
"Searcy, AR Micro Area",8773.0,343.0,682.0,1078.0,839.0,832.0,713.0,1071.0,831.0,1122.0,1262.0,42620
"Seattle-Tacoma-Bellevue, WA Metro Area",617805.0,20973.0,53174.0,75666.0,84166.0,68366.0,55208.0,38831.0,50533.0,144868.0,26020.0,42660
"Sebastian-Vero Beach, FL Metro Area",14982.0,111.0,397.0,974.0,1134.0,1474.0,1175.0,610.0,1832.0,5796.0,1479.0,42680
"Sebring-Avon Park, FL Metro Area",9766.0,218.0,586.0,1453.0,872.0,817.0,697.0,46.0,1135.0,2829.0,1113.0,42700
"Seneca, SC Micro Area",7905.0,101.0,1559.0,1355.0,333.0,786.0,692.0,189.0,282.0,1863.0,745.0,42860
"Sevierville, TN Micro Area",9424.0,613.0,968.0,981.0,720.0,697.0,1334.0,639.0,639.0,1777.0,1056.0,42940
"Shawnee, OK Micro Area",7614.0,577.0,967.0,1439.0,673.0,603.0,750.0,387.0,174.0,1249.0,795.0,43060
"Sheboygan, WI Metro Area",13666.0,946.0,1668.0,1452.0,1907.0,1938.0,922.0,657.0,880.0,2248.0,1048.0,43100
"Shelby, NC Micro Area",10218.0,1053.0,510.0,1373.0,841.0,621.0,332.0,409.0,1511.0,2287.0,1281.0,43140
"Shelton, WA Micro Area",4339.0,168.0,419.0,273.0,248.0,438.0,161.0,448.0,568.0,1258.0,358.0,43220
"Sherman-Denison, TX Metro Area",18232.0,1256.0,1101.0,1876.0,2319.0,2917.0,577.0,953.0,1706.0,3612.0,1915.0,43300
"Show Low, AZ Micro Area",9956.0,1145.0,1394.0,1230.0,521.0,596.0,332.0,1103.0,947.0,696.0,1992.0,43320
"Shreveport-Bossier City, LA Metro Area",59988.0,2705.0,2873.0,7476.0,6689.0,4266.0,5235.0,3390.0,4087.0,15330.0,7937.0,43340
"Sierra Vista-Douglas, AZ Metro Area",13733.0,576.0,1660.0,1414.0,940.0,1670.0,447.0,1420.0,1360.0,2786.0,1460.0,43420
"Sioux City, IA-NE-SD Metro Area",16206.0,1517.0,2050.0,2759.0,1612.0,1728.0,1019.0,501.0,1571.0,2979.0,470.0,43580
"Sioux Falls, SD Metro Area",38008.0,2598.0,3114.0,6461.0,6196.0,4826.0,3507.0,1507.0,3101.0,5282.0,1416.0,43620
"Somerset, KY Micro Area",6332.0,21.0,462.0,438.0,663.0,1239.0,449.0,52.0,175.0,1824.0,1009.0,43700
"Somerset, PA Micro Area",6145.0,482.0,590.0,535.0,636.0,571.0,533.0,357.0,625.0,882.0,934.0,43740
"South Bend-Mishawaka, IN-MI Metro Area",36137.0,1296.0,3438.0,5596.0,3520.0,3450.0,3399.0,1978.0,2671.0,8063.0,2726.0,43780
"Spartanburg, SC Metro Area",32752.0,1727.0,2627.0,3168.0,3507.0,3508.0,2650.0,1449.0,2506.0,7518.0,4092.0,43900
"Spokane-Spokane Valley, WA Metro Area",81228.0,3642.0,5158.0,10019.0,9645.0,9409.0,7080.0,6563.0,7365.0,18301.0,4046.0,44060
"Springfield, IL Metro Area",24866.0,1428.0,2811.0,2293.0,2743.0,2435.0,1724.0,1260.0,1615.0,5518.0,3039.0,44100
"Springfield, MA Metro Area",98946.0,3440.0,7135.0,9396.0,11445.0,12037.0,9330.0,6205.0,6926.0,24391.0,8641.0,44140
"Springfield, MO Metro Area",67377.0,2662.0,5691.0,9372.0,10325.0,6972.0,6092.0,4210.0,4922.0,12229.0,4902.0,44180
"Springfield, OH Metro Area",16868.0,1540.0,2077.0,2150.0,2239.0,1531.0,1716.0,905.0,368.0,2920.0,1422.0,44220
"State College, PA Metro Area",19754.0,902.0,1075.0,2181.0,1422.0,2200.0,1834.0,942.0,1594.0,5578.0,2026.0,44300
"Statesboro, GA Micro Area",13901.0,94.0,942.0,2117.0,2322.0,1567.0,580.0,263.0,1732.0,3007.0,1277.0,44340
"Staunton, VA Metro Area",14730.0,602.0,1719.0,1274.0,1621.0,1220.0,1107.0,1266.0,1189.0,3506.0,1226.0,44420
"Stevens Point, WI Micro Area",8401.0,595.0,1043.0,1184.0,1035.0,752.0,568.0,518.0,996.0,1274.0,436.0,44620
"Stillwater, OK Micro Area",15276.0,336.0,1507.0,1799.0,2009.0,1746.0,352.0,1040.0,1460.0,4187.0,840.0,44660
"Stockton, CA Metro Area",93541.0,2453.0,5371.0,9714.0,11593.0,11419.0,7827.0,6455.0,9542.0,22059.0,7108.0,44700
"Sumter, SC Metro Area",18283.0,725.0,949.0,1717.0,1710.0,1051.0,2415.0,939.0,1724.0,3981.0,3072.0,44940
"Sunbury, PA Micro Area",9248.0,405.0,1115.0,1225.0,1059.0,1956.0,504.0,650.0,335.0,800.0,1199.0,44980
"Syracuse, NY Metro Area",86310.0,3260.0,8027.0,10990.0,7810.0,8197.0,5764.0,4262.0,5818.0,23941.0,8241.0,45060
"Talladega-Sylacauga, AL Micro Area",9141.0,797.0,1046.0,810.0,1070.0,434.0,192.0,766.0,111.0,2080.0,1835.0,45180
"Tallahassee, FL Metro Area",63849.0,1410.0,4877.0,4835.0,8198.0,5660.0,4708.0,3646.0,6187.0,19518.0,4810.0,45220
"Tampa-St. Petersburg-Clearwater, FL Metro Area",421934.0,8442.0,22967.0,39595.0,48434.0,51152.0,41510.0,30847.0,38523.0,115879.0,24585.0,45300
"Terre Haute, IN Metro Area",23087.0,1493.0,1969.0,2269.0,2488.0,1745.0,1416.0,1268.0,2698.0,4969.0,2772.0,45460
"Texarkana, TX-AR Metro Area",19257.0,1065.0,2163.0,1864.0,1542.0,1642.0,2042.0,1205.0,1607.0,4004.0,2123.0,45500
"The Villages, FL Metro Area",,,,,,,,,,,,45540
"Toledo, OH Metro Area",94473.0,5277.0,10623.0,12072.0,10344.0,9612.0,6213.0,5831.0,6973.0,18228.0,9300.0,45780
"Topeka, KS Metro Area",29176.0,1338.0,3535.0,5185.0,3609.0,2464.0,1345.0,1867.0,2053.0,6938.0,842.0,45820
"Torrington, CT Micro Area",16993.0,816.0,1175.0,2523.0,2412.0,2142.0,713.0,720.0,1245.0,4028.0,1219.0,45860
"Traverse City, MI Micro Area",12108.0,305.0,946.0,1738.0,1432.0,1111.0,1186.0,290.0,1883.0,2212.0,1005.0,45900
"Trenton-Princeton, NJ Metro Area",53149.0,1946.0,4546.0,6467.0,5935.0,6246.0,5839.0,3471.0,6063.0,9766.0,2870.0,45940
"Truckee-Grass Valley, CA Micro Area",10931.0,155.0,376.0,570.0,1807.0,756.0,906.0,799.0,1203.0,3492.0,867.0,46020
"Tucson, AZ Metro Area",153168.0,5985.0,12819.0,16631.0,19374.0,14238.0,11700.0,9438.0,13717.0,36634.0,12632.0,46060
"Tullahoma-Manchester, TN Micro Area",10833.0,638.0,888.0,2026.0,1151.0,1220.0,902.0,316.0,392.0,2771.0,529.0,46100
"Tulsa, OK Metro Area",139241.0,7304.0,12754.0,16591.0,17415.0,15348.0,11854.0,8321.0,9962.0,26752.0,12940.0,46140
"Tupelo, MS Micro Area",17302.0,577.0,1567.0,1775.0,2109.0,891.0,1529.0,1133.0,1465.0,3523.0,2733.0,46180
"Tuscaloosa, AL Metro Area",36533.0,2757.0,1965.0,4517.0,3726.0,2768.0,2745.0,1893.0,3014.0,9333.0,3815.0,46220
"Twin Falls, ID Metro Area",13037.0,696.0,916.0,852.0,1949.0,1100.0,982.0,1001.0,1707.0,3032.0,802.0,46300
"Tyler, TX Metro Area",25232.0,788.0,1759.0,4017.0,3092.0,2186.0,2560.0,1580.0,1639.0,5422.0,2189.0,46340
"Ukiah, CA Micro Area",14368.0,196.0,1009.0,1040.0,1092.0,2671.0,1980.0,970.0,1135.0,3127.0,1148.0,46380
"Urban Honolulu, HI Metro Area",137549.0,3630.0,7226.0,14826.0,13317.0,13682.0,14139.0,8210.0,13373.0,39702.0,9444.0,46520
"Utica-Rome, NY Metro Area",36856.0,2501.0,3938.0,4397.0,4381.0,3504.0,3210.0,2000.0,2170.0,7764.0,2991.0,46540
"Valdosta, GA Metro Area",24886.0,342.0,1685.0,2396.0,1886.0,1614.0,1916.0,2069.0,2799.0,6971.0,3208.0,46660
"Vallejo, CA Metro Area",59859.0,919.0,3274.0,4139.0,7733.0,7189.0,5641.0,4984.0,4898.0,18447.0,2635.0,46700
"Victoria, TX Metro Area",14968.0,538.0,2054.0,1278.0,1700.0,2024.0,1918.0,868.0,996.0,2463.0,1129.0,47020
"Vineland-Bridgeton, NJ Metro Area",18617.0,505.0,878.0,2454.0,1909.0,1700.0,940.0,429.0,1031.0,7386.0,1385.0,47220
"Virginia Beach-Norfolk-Newport News, VA-NC Metro Area",267270.0,6995.0,19737.0,30607.0,31386.0,26983.0,24875.0,19779.0,25457.0,66155.0,15296.0,47260
"Visalia, CA Metro Area",61308.0,2650.0,4274.0,6209.0,5659.0,8004.0,6301.0,4103.0,4684.0,13725.0,5699.0,47300
"Waco, TX Metro Area",38909.0,564.0,1860.0,4309.0,4419.0,4067.0,3759.0,3545.0,4121.0,9736.0,2529.0,47380
"Walla Walla, WA Metro Area",6851.0,160.0,403.0,1049.0,550.0,1254.0,570.0,514.0,260.0,1072.0,1019.0,47460
"Warner Robins, GA Metro Area",23922.0,2031.0,2178.0,2063.0,3784.0,1321.0,1116.0,1932.0,3448.0,4074.0,1975.0,47580
"Warsaw, IN Micro Area",7147.0,376.0,686.0,838.0,1196.0,520.0,474.0,276.0,1191.0,1157.0,433.0,47700
"Washington-Arlington-Alexandria, DC-VA-MD-WV Metro Area",849725.0,25890.0,68194.0,111549.0,112885.0,100904.0,67280.0,53370.0,71542.0,198686.0,39425.0,47900
"Waterloo-Cedar Falls, IA Metro Area",20646.0,852.0,1830.0,2026.0,2692.0,2584.0,1740.0,1060.0,1443.0,5965.0,454.0,47940
"Watertown-Fort Atkinson, WI Micro Area",8770.0,373.0,857.0,1328.0,1761.0,887.0,798.0,160.0,957.0,1039.0,610.0,48020
"Watertown-Fort Drum, NY Metro Area",21281.0,1797.0,798.0,2105.0,3243.0,3612.0,2290.0,944.0,2587.0,3187.0,718.0,48060
"Wausau-Weston, WI Metro Area",17589.0,1014.0,1825.0,2460.0,1608.0,1361.0,1638.0,1522.0,2474.0,2283.0,1404.0,48140
"Yuma, AZ Metro Area",22412.0,868.0,2668.0,3619.0,1498.0,1569.0,2348.0,1705.0,2363.0,4146.0,1628.0,49740
"Weirton-Steubenville, WV-OH Metro Area",13350.0,818.0,1221.0,1750.0,826.0,1298.0,712.0,481.0,787.0,3603.0,1854.0,48260
"Wenatchee, WA Metro Area",18304.0,688.0,1736.0,1624.0,2871.0,3295.0,1085.0,752.0,2016.0,2488.0,1749.0,48300
"Wheeling, WV-OH Metro Area",14893.0,1450.0,1074.0,1316.0,1191.0,1330.0,647.0,1220.0,917.0,3001.0,2747.0,48540
"Whitewater, WI Micro Area",12290.0,153.0,854.0,2362.0,869.0,1052.0,1199.0,993.0,566.0,3062.0,1180.0,48580
"Wichita, KS Metro Area",87256.0,3232.0,9388.0,12754.0,12463.0,8943.0,6586.0,3928.0,7023.0,18091.0,4848.0,48620
"Wichita Falls, TX Metro Area",19788.0,495.0,1694.0,2453.0,2230.0,2852.0,1548.0,1012.0,2301.0,2564.0,2639.0,48660
"Williamsport, PA Metro Area",13234.0,709.0,1046.0,1519.0,1281.0,1512.0,1025.0,672.0,1942.0,1861.0,1667.0,48700
"Wilmington, NC Metro Area",45707.0,1624.0,2884.0,5221.0,5866.0,4153.0,3214.0,3202.0,4349.0,11600.0,3594.0,48900
"Wilson, NC Micro Area",14049.0,440.0,1155.0,2484.0,1202.0,946.0,730.0,1345.0,1822.0,3100.0,825.0,48980
"Winchester, VA-WV Metro Area",15776.0,234.0,766.0,1914.0,1686.0,1724.0,1836.0,832.0,1339.0,3887.0,1558.0,49020
"Winston-Salem, NC Metro Area",81765.0,3977.0,8513.0,10224.0,10859.0,6432.0,7054.0,3026.0,6299.0,18704.0,6677.0,49180
"Wisconsin Rapids-Marshfield, WI Micro Area",8721.0,477.0,772.0,984.0,1104.0,894.0,410.0,850.0,1134.0,1423.0,673.0,49220
"Wooster, OH Micro Area",11775.0,1123.0,1506.0,2060.0,1520.0,1092.0,529.0,520.0,549.0,1508.0,1368.0,49300
"Worcester, MA-CT Metro Area",124122.0,3835.0,12139.0,13401.0,14741.0,15430.0,11699.0,8009.0,10801.0,26816.0,7251.0,49340
"Yakima, WA Metro Area",33278.0,742.0,3107.0,5668.0,5016.0,3362.0,2110.0,1581.0,2365.0,5441.0,3886.0,49420
"Yauco, PR Metro Area",7191.0,34.0,306.0,489.0,718.0,459.0,536.0,60.0,280.0,385.0,3924.0,49500
"York-Hanover, PA Metro Area",41727.0,1057.0,3237.0,5880.0,5403.0,3672.0,3548.0,2677.0,4014.0,10178.0,2061.0,49620
"Youngstown-Warren-Boardman, OH-PA Metro Area",66343.0,3042.0,7306.0,7625.0,6915.0,7764.0,4923.0,3179.0,5822.0,12667.0,7100.0,49660
"Yuba City, CA Metro Area",26044.0,665.0,1627.0,2877.0,3077.0,2509.0,3020.0,1371.0,3317.0,5347.0,2234.0,49700
"Aberdeen, WA Micro Area",9273.0,198.0,930.0,1253.0,981.0,584.0,568.0,997.0,1342.0,1504.0,916.0,10140
"Abilene, TX Metro Area",24507.0,775.0,2391.0,2682.0,2361.0,2529.0,2323.0,1634.0,1610.0,5654.0,2548.0,10180
"Adrian, MI Micro Area",7473.0,29.0,716.0,500.0,765.0,895.0,338.0,433.0,400.0,2326.0,1071.0,10300
"Aguadilla-Isabela, PR Metro Area",36429.0,793.0,1884.0,2790.0,1636.0,1362.0,1840.0,1321.0,1145.0,4127.0,19531.0,10380
"Beaumont-Port Arthur, TX Metro Area",46150.0,1910.0,4033.0,5741.0,4616.0,3518.0,3799.0,2963.0,4486.0,11910.0,3174.0,13140
"Akron, OH Metro Area",94194.0,3084.0,7178.0,12193.0,10406.0,11231.0,7079.0,5053.0,8753.0,20180.0,9037.0,10420
"Alamogordo, NM Micro Area",7686.0,928.0,584.0,1047.0,820.0,996.0,846.0,644.0,387.0,1004.0,430.0,10460
"Albany, GA Metro Area",24647.0,898.0,2264.0,3698.0,2381.0,1870.0,1671.0,1643.0,1820.0,5605.0,2797.0,10500
"Albany-Lebanon, OR Metro Area",16910.0,450.0,1754.0,2374.0,2058.0,1421.0,1364.0,838.0,1849.0,3871.0,931.0,10540
"Albany-Schenectady-Troy, NY Metro Area",130223.0,5910.0,11477.0,18811.0,15407.0,14183.0,9617.0,6038.0,9080.0,32800.0,6900.0,10580
"Albertville, AL Micro Area",9013.0,585.0,609.0,948.0,431.0,800.0,1094.0,488.0,337.0,1629.0,2092.0,10700
"Albuquerque, NM Metro Area",119760.0,5153.0,10458.0,14428.0,13715.0,11159.0,10207.0,7803.0,9464.0,28005.0,9368.0,10740
"Alexandria, LA Metro Area",18225.0,230.0,1524.0,2076.0,1252.0,1997.0,1633.0,1018.0,2410.0,3796.0,2289.0,10780
"Allentown-Bethlehem-Easton, PA-NJ Metro Area",104196.0,3537.0,9455.0,12325.0,10507.0,11523.0,9234.0,5966.0,8603.0,26421.0,6625.0,10900
"Altoona, PA Metro Area",10963.0,397.0,546.0,1347.0,1146.0,1648.0,1104.0,718.0,921.0,1340.0,1796.0,11020
"Amarillo, TX Metro Area",37378.0,1603.0,3262.0,5055.0,6163.0,3348.0,3531.0,1468.0,3146.0,6735.0,3067.0,11100
"Ames, IA Metro Area",19236.0,573.0,2096.0,1959.0,1631.0,2648.0,1416.0,416.0,1422.0,5642.0,1433.0,11180
"Anchorage, AK Metro Area",48497.0,951.0,3463.0,6964.0,5617.0,4974.0,5529.0,3983.0,4076.0,10403.0,2537.0,11260
"Ann Arbor, MI Metro Area",58704.0,2637.0,4303.0,6097.0,5738.0,5978.0,5159.0,2839.0,5703.0,17126.0,3124.0,11460
"Anniston-Oxford, AL Metro Area",12161.0,438.0,1267.0,2047.0,848.0,984.0,761.0,663.0,871.0,3177.0,1105.0,11500
"Appleton, WI Metro Area",27230.0,2577.0,3559.0,5364.0,2377.0,2916.0,2013.0,1456.0,2013.0,3987.0,968.0,11540
"Arecibo, PR Metro Area",21255.0,209.0,794.0,1327.0,1609.0,1025.0,788.0,114.0,819.0,2854.0,11716.0,11640
"Asheville, NC Metro Area",54248.0,2095.0,3466.0,6851.0,6482.0,5846.0,4152.0,4184.0,4757.0,10918.0,5497.0,11700
"Ashtabula, OH Micro Area",11482.0,376.0,837.0,1916.0,1070.0,1505.0,636.0,613.0,733.0,2543.0,1253.0,11780
"Athens, TX Micro Area",7982.0,297.0,111.0,546.0,743.0,290.0,536.0,532.0,643.0,2825.0,1459.0,11980
"Athens-Clarke County, GA Metro Area",39021.0,1397.0,3426.0,4750.0,2725.0,4423.0,3875.0,1520.0,2925.0,12075.0,1905.0,12020
"Atlanta-Sandy Springs-Alpharetta, GA Metro Area",753440.0,20541.0,48461.0,87261.0,91675.0,86930.0,68606.0,49276.0,67513.0,193302.0,39875.0,12060
"Atlantic City-Hammonton, NJ Metro Area",37101.0,1156.0,2402.0,4142.0,3862.0,3762.0,2101.0,1906.0,3729.0,10731.0,3310.0,12100
"Auburn, NY Micro Area",9534.0,794.0,1050.0,659.0,1313.0,746.0,574.0,590.0,832.0,1808.0,1168.0,12180
"Auburn-Opelika, AL Metro Area",23723.0,136.0,2510.0,1881.0,1513.0,1363.0,1801.0,733.0,2370.0,8725.0,2691.0,12220
"Augusta-Richmond County, GA-SC Metro Area",70198.0,3715.0,5966.0,8518.0,7310.0,6579.0,6752.0,3582.0,6140.0,15075.0,6561.0,12260
"Augusta-Waterville, ME Micro Area",13708.0,423.0,1789.0,1416.0,1836.0,1255.0,1424.0,553.0,596.0,3205.0,1211.0,12300
"Austin-Round Rock-Georgetown, TX Metro Area",393436.0,15591.0,28040.0,56895.0,51976.0,43122.0,32956.0,23316.0,35179.0,90633.0,15728.0,12420
"Bakersfield, CA Metro Area",114449.0,2701.0,9018.0,9148.0,13041.0,12602.0,7811.0,8685.0,14149.0,30376.0,6918.0,12540
"Baltimore-Columbia-Towson, MD Metro Area",363769.0,14049.0,24901.0,43323.0,44872.0,34412.0,33597.0,24298.0,31910.0,94339.0,18068.0,12580
"Bangor, ME Metro Area",19664.0,468.0,1812.0,1879.0,3019.0,1837.0,1384.0,1760.0,1965.0,4048.0,1492.0,12620
"Baraboo, WI Micro Area",7058.0,445.0,1210.0,1253.0,707.0,1127.0,440.0,242.0,421.0,735.0,478.0,12660
"Barnstable Town, MA Metro Area",18566.0,697.0,705.0,2065.0,849.0,2743.0,1385.0,1273.0,1859.0,5299.0,1691.0,12700
"Baton Rouge, LA Metro Area",104215.0,3955.0,8087.0,6683.0,10154.0,10778.0,7440.0,6202.0,9678.0,28399.0,12839.0,12940
"Battle Creek, MI Metro Area",14323.0,434.0,1447.0,2504.0,840.0,1537.0,1817.0,759.0,1192.0,2980.0,813.0,12980
"Bay City, MI Metro Area",10215.0,931.0,1048.0,1426.0,301.0,1094.0,1324.0,334.0,602.0,2148.0,1007.0,13020
"Beaver Dam, WI Micro Area",9749.0,696.0,1419.0,1877.0,1195.0,537.0,416.0,266.0,946.0,1691.0,706.0,13180
"Beckley, WV Metro Area",12477.0,98.0,521.0,1153.0,966.0,1551.0,580.0,492.0,256.0,3886.0,2974.0,13220
"Bellingham, WA Metro Area",36413.0,838.0,1657.0,4631.0,4346.0,4861.0,2831.0,1777.0,4689.0,9048.0,1735.0,13380
"Bend, OR Metro Area",21045.0,976.0,1606.0,1800.0,2405.0,3073.0,1270.0,1979.0,1769.0,4979.0,1188.0,13460
"Billings, MT Metro Area",22134.0,1430.0,1973.0,2659.0,2895.0,1930.0,2186.0,556.0,2212.0,5188.0,1105.0,13740
"Binghamton, NY Metro Area",34141.0,1724.0,2351.0,4976.0,3747.0,3669.0,2599.0,2458.0,2520.0,8404.0,1693.0,13780
"Birmingham-Hoover, AL Metro Area",129438.0,5063.0,10025.0,12757.0,12580.0,14241.0,11768.0,9426.0,10030.0,32045.0,11503.0,13820
"Bismarck, ND Metro Area",14380.0,1077.0,1342.0,1597.0,2540.0,1050.0,1643.0,657.0,848.0,3194.0,432.0,13900
"Blacksburg-Christiansburg, VA Metro Area",26425.0,1793.0,2842.0,3153.0,1424.0,2423.0,1507.0,372.0,1944.0,7302.0,3665.0,13980
"Bloomington, IL Metro Area",24762.0,1537.0,2366.0,3928.0,3068.0,2984.0,686.0,1349.0,982.0,4396.0,3466.0,14010
"Bloomington, IN Metro Area",25829.0,428.0,1728.0,2925.0,1653.0,2243.0,1365.0,1570.0,1514.0,10448.0,1955.0,14020
"Bloomsburg-Berwick, PA Metro Area",9356.0,202.0,971.0,1414.0,658.0,775.0,880.0,382.0,844.0,1758.0,1472.0,14100
"Bluefield, WV-VA Micro Area",10863.0,280.0,1101.0,1448.0,836.0,987.0,1115.0,678.0,837.0,1647.0,1934.0,14140
"Boise City, ID Metro Area",83378.0,3473.0,7253.0,11658.0,10622.0,9708.0,8710.0,6373.0,5263.0,15824.0,4494.0,14260
"Boston-Cambridge-Newton, MA-NH Metro Area",724774.0,30294.0,52779.0,80799.0,85857.0,84882.0,64817.0,47442.0,60777.0,176718.0,40409.0,14460
"Boulder, CO Metro Area",51965.0,984.0,2717.0,7749.0,4400.0,5161.0,4389.0,3660.0,3948.0,16116.0,2841.0,14500
"Bowling Green, KY Metro Area",27942.0,1682.0,3764.0,2434.0,2827.0,3309.0,1441.0,1962.0,2136.0,5727.0,2660.0,14540
"Bozeman, MT Micro Area",17986.0,1276.0,2298.0,2531.0,1601.0,1797.0,1274.0,1256.0,1555.0,3006.0,1392.0,14580
"Brainerd, MN Micro Area",8186.0,384.0,1355.0,1388.0,496.0,777.0,582.0,535.0,256.0,1534.0,879.0,14660
"Bremerton-Silverdale-Port Orchard, WA Metro Area",32393.0,1551.0,3652.0,2951.0,3711.0,2831.0,2528.0,1384.0,3946.0,8277.0,1562.0,14740
"Bridgeport-Stamford-Norwalk, CT Metro Area",118307.0,3318.0,6442.0,12776.0,12746.0,15078.0,11716.0,6547.0,10850.0,33032.0,5802.0,14860
"Brownsville-Harlingen, TX Metro Area",47901.0,2888.0,4302.0,5396.0,5077.0,3983.0,3309.0,3333.0,3063.0,10499.0,6051.0,15180
"Brunswick, GA Metro Area",15814.0,973.0,2378.0,1605.0,1480.0,1896.0,1070.0,287.0,1545.0,3161.0,1419.0,15260
"Buffalo-Cheektowaga, NY Metro Area",162759.0,5639.0,13581.0,20551.0,17214.0,16320.0,14462.0,10482.0,13331.0,41609.0,9570.0,15380
"Burlington, NC Metro Area",24137.0,1189.0,2884.0,3669.0,3180.0,2419.0,2665.0,1252.0,1959.0,3538.0,1382.0,15500
"Burlington-South Burlington, VT Metro Area",32944.0,846.0,2281.0,4434.0,4479.0,2918.0,3597.0,1846.0,2258.0,8685.0,1600.0,15540
"California-Lexington Park, MD Metro Area",10152.0,423.0,997.0,490.0,1823.0,1196.0,876.0,202.0,790.0,2223.0,1132.0,15680
"Canton-Massillon, OH Metro Area",51177.0,3655.0,4643.0,7537.0,5386.0,3986.0,4758.0,3039.0,4655.0,9246.0,4272.0,15940
"Cape Coral-Fort Myers, FL Metro Area",85010.0,1348.0,4528.0,6014.0,11672.0,10318.0,6387.0,5787.0,8059.0,24540.0,6357.0,15980
"Cape Girardeau, MO-IL Metro Area",11236.0,301.0,813.0,1863.0,1111.0,930.0,780.0,623.0,932.0,2592.0,1291.0,16020
"Carbondale-Marion, IL Metro Area",19839.0,428.0,1711.0,3025.0,2189.0,1153.0,1766.0,1659.0,1759.0,4157.0,1992.0,16060
"Carson City, NV Metro Area",8853.0,315.0,912.0,905.0,537.0,1199.0,1539.0,702.0,431.0,1930.0,383.0,16180
"Casper, WY Metro Area",8988.0,366.0,460.0,575.0,739.0,1066.0,452.0,372.0,1038.0,2809.0,1111.0,16220
"Cedar Rapids, IA Metro Area",26486.0,998.0,2589.0,4099.0,2471.0,2489.0,2213.0,1395.0,2589.0,4851.0,2792.0,16300
"Centralia, WA Micro Area",7934.0,370.0,507.0,679.0,782.0,784.0,880.0,545.0,997.0,1632.0,758.0,16500
"Chambersburg-Waynesboro, PA Metro Area",16436.0,728.0,2125.0,2287.0,2531.0,1236.0,1204.0,818.0,680.0,3895.0,932.0,16540
"Champaign-Urbana, IL Metro Area",40024.0,1676.0,3210.0,5106.0,4107.0,4438.0,2825.0,2394.0,3026.0,9725.0,3517.0,16580
"Charleston, WV Metro Area",29796.0,1297.0,1962.0,3904.0,4181.0,2102.0,1506.0,1158.0,1734.0,7417.0,4535.0,16620
"Charleston-North Charleston, SC Metro Area",92324.0,3791.0,5355.0,9531.0,12525.0,8882.0,7476.0,4682.0,8815.0,23465.0,7802.0,16700
"Charlotte-Concord-Gastonia, NC-SC Metro Area",349472.0,13615.0,31778.0,46288.0,40911.0,35682.0,32150.0,21213.0,33268.0,73412.0,21155.0,16740
"Charlottesville, VA Metro Area",28199.0,1267.0,2093.0,3525.0,2664.0,3487.0,2107.0,775.0,2311.0,7548.0,2422.0,16820
"Chattanooga, TN-GA Metro Area",73233.0,3994.0,6752.0,9151.0,9461.0,7051.0,4465.0,6776.0,5584.0,15147.0,4852.0,16860
"Cheyenne, WY Metro Area",14583.0,927.0,741.0,2640.0,2128.0,1147.0,1515.0,1052.0,1707.0,2055.0,671.0,16940
"Chicago-Naperville-Elgin, IL-IN-WI Metro Area",1250191.0,50507.0,105289.0,146704.0,151940.0,134900.0,101330.0,66510.0,97815.0,309401.0,85795.0,16980
"Chico, CA Metro Area",33810.0,1348.0,1440.0,2808.0,4164.0,4304.0,1951.0,1932.0,3768.0,9841.0,2254.0,17020
"Chillicothe, OH Micro Area",9774.0,422.0,713.0,1480.0,282.0,194.0,291.0,664.0,971.0,4039.0,718.0,17060
"Cincinnati, OH-KY-IN Metro Area",281018.0,12205.0,27674.0,35590.0,34786.0,29579.0,21861.0,15498.0,19482.0,61776.0,22567.0,17140
"Clarksburg, WV Micro Area",8020.0,366.0,453.0,500.0,874.0,1350.0,569.0,341.0,707.0,1071.0,1789.0,17220
"Clarksville, TN-KY Metro Area",48208.0,2408.0,2838.0,4861.0,6083.0,7823.0,3915.0,3465.0,5224.0,8238.0,3353.0,17300
"Clearlake, CA Micro Area",9029.0,277.0,1368.0,1164.0,1009.0,521.0,608.0,527.0,1099.0,1639.0,817.0,17340
"Cleveland, TN Metro Area",14795.0,948.0,1403.0,1006.0,1473.0,2647.0,943.0,1086.0,1132.0,3192.0,965.0,17420
"Cleveland-Elyria, OH Metro Area",306080.0,12937.0,27904.0,38977.0,38062.0,33698.0,24945.0,13610.0,24957.0,67229.0,23761.0,17460
"Coeur d'Alene, ID Metro Area",17842.0,347.0,1162.0,1428.0,1603.0,2046.0,2440.0,1969.0,2482.0,3074.0,1291.0,17660
"College Station-Bryan, TX Metro Area",47443.0,1120.0,3556.0,4532.0,4739.0,4338.0,3121.0,4320.0,4809.0,13927.0,2981.0,17780
"Colorado Springs, CO Metro Area",96635.0,3450.0,7107.0,9427.0,10951.0,10091.0,11172.0,6928.0,9663.0,23566.0,4280.0,17820
"Columbia, MO Metro Area",32669.0,1347.0,3494.0,3712.0,4435.0,2407.0,1566.0,2739.0,2931.0,8389.0,1649.0,17860
"Columbia, SC Metro Area",101405.0,4207.0,6414.0,10678.0,11464.0,10311.0,7924.0,5518.0,8916.0,25308.0,10665.0,17900
"Columbus, GA-AL Metro Area",56256.0,3062.0,5374.0,7697.0,4672.0,5553.0,3791.0,4254.0,4931.0,13854.0,3068.0,17980
"Columbus, IN Metro Area",9291.0,777.0,1268.0,1197.0,1088.0,980.0,1049.0,458.0,623.0,1420.0,431.0,18020
"Columbus, OH Metro Area",328296.0,12886.0,28633.0,46897.0,44632.0,41529.0,27817.0,18340.0,22240.0,64167.0,21155.0,18140
"Concord, NH Micro Area",15888.0,476.0,1414.0,2367.0,1745.0,2056.0,1247.0,1095.0,1513.0,3046.0,929.0,18180
"Cookeville, TN Micro Area",16004.0,454.0,1370.0,1917.0,1470.0,2772.0,1274.0,683.0,1085.0,2316.0,2663.0,18260
"Corning, NY Micro Area",10064.0,748.0,1062.0,492.0,1381.0,908.0,949.0,480.0,638.0,2270.0,1136.0,18500
"Corpus Christi, TX Metro Area",60137.0,3199.0,4053.0,5828.0,6297.0,7380.0,4895.0,2978.0,5771.0,15176.0,4560.0,18580
"Corvallis, OR Metro Area",18785.0,676.0,1094.0,1846.0,2331.0,1519.0,871.0,508.0,1733.0,6904.0,1303.0,18700
"Crestview-Fort Walton Beach-Destin, FL Metro Area",36247.0,646.0,2795.0,4137.0,3776.0,4485.0,4185.0,3193.0,4082.0,6524.0,2424.0,18880
"Cullman, AL Micro Area",8443.0,467.0,703.0,1272.0,1242.0,787.0,341.0,344.0,359.0,1470.0,1458.0,18980
"Cumberland, MD-WV Metro Area",12100.0,674.0,723.0,2145.0,1229.0,773.0,1451.0,146.0,1174.0,1660.0,2125.0,19060
"Dallas-Fort Worth-Arlington, TX Metro Area",1139991.0,32801.0,76700.0,141055.0,142901.0,133496.0,101993.0,85509.0,109575.0,268962.0,46999.0,19100
"Dalton, GA Metro Area",15759.0,1616.0,1375.0,1865.0,2388.0,1411.0,1183.0,753.0,734.0,2800.0,1634.0,19140
"Danville, IL Metro Area",8856.0,674.0,576.0,1570.0,1727.0,901.0,688.0,289.0,284.0,1612.0,535.0,19180
"Danville, VA Micro Area",13700.0,668.0,971.0,1636.0,1224.0,1199.0,940.0,617.0,1539.0,4014.0,892.0,19260
"Daphne-Fairhope-Foley, AL Metro Area",22725.0,809.0,1922.0,2865.0,2688.0,990.0,2673.0,1132.0,2293.0,3650.0,3703.0,19300
"Davenport-Moline-Rock Island, IA-IL Metro Area",44602.0,1953.0,5546.0,5587.0,5048.0,4659.0,2886.0,1829.0,4009.0,9614.0,3471.0,19340
"Dayton-Kettering, OH Metro Area",115963.0,4732.0,14575.0,16048.0,14071.0,13380.0,9979.0,6503.0,7191.0,20968.0,8516.0,19430
"Decatur, AL Metro Area",15139.0,536.0,1618.0,1703.0,608.0,2512.0,1151.0,641.0,1302.0,1832.0,3236.0,19460
"Decatur, IL Metro Area",13656.0,241.0,1384.0,1501.0,1258.0,785.0,1331.0,836.0,924.0,2357.0,3039.0,19500
"Deltona-Daytona Beach-Ormond Beach, FL Metro Area",72156.0,2178.0,4628.0,6345.0,8651.0,7113.0,6387.0,4406.0,4762.0,22154.0,5532.0,19660
"Denver-Aurora-Lakewood, CO Metro Area",413128.0,10622.0,25699.0,47267.0,51762.0,51119.0,38953.0,30881.0,37368.0,103771.0,15686.0,19740
"Des Moines-West Des Moines, IA Metro Area",89238.0,1947.0,7757.0,13744.0,13024.0,10239.0,8823.0,6398.0,5126.0,17281.0,4899.0,19780
"Detroit-Warren-Dearborn, MI Metro Area",502775.0,17925.0,45802.0,57761.0,58905.0,53118.0,42993.0,28294.0,38382.0,122003.0,37592.0,19820
"Dothan, AL Metro Area",19796.0,642.0,2011.0,2156.0,2332.0,2807.0,1709.0,836.0,1507.0,3954.0,1842.0,20020
"Dover, DE Metro Area",19266.0,510.0,857.0,2330.0,1863.0,2597.0,1564.0,1160.0,1350.0,5934.0,1101.0,20100
"DuBois, PA Micro Area",6458.0,163.0,761.0,806.0,859.0,901.0,363.0,92.0,272.0,980.0,1261.0,20180
"Dubuque, IA Metro Area",10202.0,545.0,961.0,988.0,1363.0,1192.0,369.0,769.0,946.0,2084.0,985.0,20220
"Duluth, MN-WI Metro Area",32565.0,1456.0,2745.0,3296.0,3967.0,3070.0,3662.0,1667.0,2530.0,7211.0,2961.0,20260
"Durham-Chapel Hill, NC Metro Area",98125.0,3516.0,7878.0,10783.0,13361.0,10046.0,10425.0,3592.0,6847.0,24231.0,7446.0,20500
"East Stroudsburg, PA Metro Area",12200.0,633.0,879.0,470.0,582.0,1412.0,1210.0,924.0,1737.0,3634.0,719.0,20700
"Eau Claire, WI Metro Area",22548.0,728.0,2737.0,3078.0,3094.0,2635.0,2133.0,1148.0,1589.0,4149.0,1257.0,20740
"El Centro, CA Metro Area",20205.0,1574.0,1578.0,1977.0,2905.0,2013.0,1682.0,1524.0,1924.0,4286.0,742.0,20940
"Elizabethtown-Fort Knox, KY Metro Area",21463.0,1218.0,3762.0,2592.0,3374.0,1296.0,1020.0,545.0,1182.0,4361.0,2113.0,21060
"Elkhart-Goshen, IN Metro Area",17844.0,1295.0,1699.0,1924.0,1781.0,2402.0,1178.0,869.0,1527.0,4228.0,941.0,21140
"Elmira, NY Metro Area",11324.0,144.0,1201.0,1652.0,1393.0,1472.0,878.0,329.0,466.0,2959.0,830.0,21300
"El Paso, TX Metro Area",103938.0,4147.0,6907.0,11897.0,13297.0,11178.0,8826.0,5871.0,9545.0,25251.0,7019.0,21340
"Enid, OK Metro Area",7478.0,260.0,1071.0,1307.0,381.0,880.0,585.0,489.0,804.0,1495.0,206.0,21420
"Erie, PA Metro Area",35864.0,2225.0,3043.0,4463.0,4251.0,2702.0,2649.0,1333.0,2717.0,9337.0,3144.0,21500
"Eugene-Springfield, OR Metro Area",62640.0,1536.0,4137.0,7230.0,6704.0,7453.0,5816.0,3819.0,5700.0,16909.0,3336.0,21660
"Eureka-Arcata, CA Micro Area",23347.0,220.0,1356.0,2040.0,2524.0,1712.0,1839.0,1107.0,3691.0,7372.0,1486.0,21700
"Evansville, IN-KY Metro Area",41441.0,2441.0,6030.0,5966.0,4165.0,4803.0,2903.0,2451.0,3951.0,6984.0,1747.0,21780
"Fairbanks, AK Metro Area",15119.0,355.0,1519.0,1785.0,1125.0,1956.0,1601.0,395.0,1384.0,3829.0,1170.0,21820
"Fargo, ND-MN Metro Area",49360.0,3245.0,6644.0,6772.0,5033.0,5111.0,4791.0,1923.0,3965.0,9624.0,2252.0,22020
"Faribault-Northfield, MN Micro Area",5174.0,74.0,253.0,757.0,1109.0,1038.0,365.0,184.0,90.0,1110.0,194.0,22060
"Farmington, MO Micro Area",8505.0,0.0,1090.0,596.0,899.0,665.0,1041.0,1470.0,832.0,1139.0,773.0,22100
"Farmington, NM Metro Area",11783.0,1465.0,1307.0,1474.0,1004.0,1334.0,675.0,144.0,607.0,2815.0,958.0,22140
"Fayetteville, NC Metro Area",84942.0,1967.0,8937.0,9857.0,10002.0,8686.0,7295.0,5204.0,8623.0,17355.0,7016.0,22180
"Fayetteville-Springdale-Rogers, AR Metro Area",72295.0,3384.0,9638.0,10904.0,10409.0,8264.0,6009.0,3438.0,4256.0,9839.0,6154.0,22220
"Findlay, OH Micro Area",8280.0,805.0,745.0,1494.0,1279.0,655.0,271.0,927.0,433.0,1112.0,559.0,22300
"Flagstaff, AZ Metro Area",22871.0,924.0,626.0,3188.0,1140.0,2469.0,2698.0,744.0,692.0,8159.0,2231.0,22380
"Flint, MI Metro Area",49128.0,2595.0,3224.0,4940.0,5143.0,4307.0,3871.0,1986.0,5029.0,14152.0,3881.0,22420
"Florence, SC Metro Area",24670.0,1295.0,2385.0,2904.0,1220.0,1895.0,1376.0,1710.0,1859.0,6471.0,3555.0,22500
"Florence-Muscle Shoals, AL Metro Area",17287.0,745.0,2274.0,1277.0,2069.0,1486.0,1750.0,231.0,857.0,2906.0,3692.0,22520
"Fond du Lac, WI Metro Area",10861.0,462.0,1391.0,1631.0,1780.0,814.0,1313.0,349.0,856.0,1714.0,551.0,22540
"Fort Collins, CO Metro Area",54600.0,1362.0,2044.0,4925.0,7809.0,6730.0,6464.0,3311.0,5828.0,12520.0,3607.0,22660
"Fort Payne, AL Micro Area",5316.0,112.0,613.0,720.0,290.0,623.0,297.0,298.0,269.0,1400.0,694.0,22840
"Fort Smith, AR-OK Metro Area",31422.0,1685.0,3449.0,4994.0,4808.0,1461.0,2036.0,1203.0,2349.0,5675.0,3762.0,22900
"Fort Wayne, IN Metro Area",48989.0,1909.0,5177.0,6881.0,5774.0,4667.0,6000.0,2427.0,3745.0,9575.0,2834.0,23060
"Frankfort, KY Micro Area",9747.0,1095.0,1275.0,1040.0,773.0,1562.0,539.0,324.0,1146.0,1853.0,140.0,23180
"Fresno, CA Metro Area",142584.0,7252.0,9024.0,14824.0,16846.0,13604.0,10578.0,9267.0,13592.0,35851.0,11746.0,23420
"Gadsden, AL Metro Area",10142.0,651.0,912.0,883.0,1500.0,1117.0,860.0,247.0,679.0,2423.0,870.0,23460
"Gainesville, FL Metro Area",52334.0,1350.0,2739.0,5712.0,4842.0,5607.0,3151.0,2286.0,5025.0,16529.0,5093.0,23540
"Gainesville, GA Metro Area",22695.0,895.0,1344.0,2151.0,3205.0,2174.0,1273.0,1789.0,1459.0,6954.0,1451.0,23580
"Gallup, NM Micro Area",5065.0,370.0,446.0,787.0,715.0,24.0,235.0,224.0,378.0,782.0,1104.0,23700
"Gettysburg, PA Metro Area",8316.0,458.0,542.0,1275.0,923.0,1042.0,1147.0,441.0,432.0,1069.0,987.0,23900
"Glens Falls, NY Metro Area",14570.0,520.0,1392.0,2215.0,1858.0,857.0,1546.0,247.0,1242.0,3649.0,1044.0,24020
"Glenwood Springs, CO Micro Area",8161.0,250.0,532.0,2081.0,414.0,658.0,670.0,596.0,664.0,1493.0,803.0,24060
"Goldsboro, NC Metro Area",19513.0,1111.0,2008.0,1865.0,1553.0,1699.0,2868.0,863.0,1381.0,4331.0,1834.0,24140
"Grand Forks, ND-MN Metro Area",18883.0,618.0,1949.0,2507.0,2216.0,2388.0,1150.0,1482.0,1770.0,4067.0,736.0,24220
"Grand Island, NE Metro Area",9628.0,629.0,1016.0,1153.0,710.0,1369.0,1192.0,589.0,970.0,1536.0,464.0,24260
"Grand Junction, CO Metro Area",17880.0,420.0,1551.0,1777.0,1778.0,2580.0,1189.0,711.0,2398.0,3813.0,1663.0,24300
"Grand Rapids-Kentwood, MI Metro Area",104579.0,3095.0,9322.0,13089.0,13500.0,13607.0,9363.0,6761.0,6862.0,23569.0,5411.0,24340
"Grants Pass, OR Metro Area",12016.0,926.0,1106.0,948.0,501.0,1353.0,599.0,1010.0,820.0,3605.0,1148.0,24420
"Great Falls, MT Metro Area",11769.0,486.0,1204.0,1541.0,1521.0,1686.0,804.0,459.0,1437.0,2012.0,619.0,24500
"Greeley, CO Metro Area",30033.0,908.0,2465.0,2907.0,3449.0,2914.0,3196.0,2379.0,2291.0,7479.0,2045.0,24540
"Green Bay, WI Metro Area",42301.0,2680.0,6248.0,4584.0,4322.0,5246.0,3568.0,3095.0,1952.0,8453.0,2153.0,24580
"Greeneville, TN Micro Area",5874.0,310.0,497.0,918.0,474.0,784.0,559.0,151.0,284.0,518.0,1379.0,24620
"Greensboro-High Point, NC Metro Area",103017.0,3152.0,8687.0,12836.0,11691.0,9959.0,9434.0,6474.0,7097.0,24631.0,9056.0,24660
"Greenville, NC Metro Area",38170.0,2034.0,1946.0,4013.0,2927.0,3969.0,2935.0,4879.0,2314.0,10067.0,3086.0,24780
"Greenville-Anderson, SC Metro Area",104754.0,3592.0,9722.0,12163.0,11862.0,10985.0,8704.0,6241.0,9633.0,24641.0,7211.0,24860
"Greenwood, SC Micro Area",9493.0,444.0,1097.0,1294.0,1488.0,411.0,776.0,252.0,75.0,1611.0,2045.0,24940
"Guayama, PR Metro Area",6126.0,49.0,799.0,263.0,554.0,339.0,497.0,0.0,613.0,1691.0,1321.0,25020
"Gulfport-Biloxi, MS Metro Area",52674.0,1565.0,4620.0,8316.0,4360.0,5308.0,5301.0,3840.0,4230.0,11861.0,3273.0,25060
"Hagerstown-Martinsburg, MD-WV Metro Area",34289.0,1401.0,2400.0,4105.0,3647.0,3601.0,2899.0,2254.0,2047.0,9566.0,2369.0,25180
"Hammond, LA Metro Area",14439.0,98.0,1013.0,2226.0,1109.0,611.0,452.0,611.0,2317.0,4730.0,1272.0,25220
"Hanford-Corcoran, CA Metro Area",19876.0,301.0,954.0,1916.0,3462.0,2232.0,1192.0,1626.0,2006.0,5201.0,986.0,25260
"Harrisburg-Carlisle, PA Metro Area",70640.0,3676.0,7110.0,9118.0,9618.0,7976.0,4789.0,3483.0,5490.0,15736.0,3644.0,25420
"Harrisonburg, VA Metro Area",17148.0,331.0,1592.0,2212.0,1531.0,1519.0,1875.0,1086.0,707.0,5028.0,1267.0,25500
"Hartford-East Hartford-Middletown, CT Metro Area",156821.0,4427.0,13087.0,18038.0,17915.0,15558.0,15317.0,8487.0,11369.0,42254.0,10369.0,25540
"Hattiesburg, MS Metro Area",23059.0,1065.0,1865.0,3392.0,1976.0,1829.0,1547.0,919.0,3094.0,3851.0,3521.0,25620
"Heber, UT Micro Area",5659.0,125.0,901.0,599.0,955.0,622.0,503.0,377.0,277.0,1085.0,215.0,25720
"Helena, MT Micro Area",11178.0,1233.0,776.0,1284.0,2151.0,657.0,1137.0,436.0,1067.0,1282.0,1155.0,25740
"Hermiston-Pendleton, OR Micro Area",9775.0,418.0,1232.0,635.0,2060.0,1062.0,847.0,571.0,923.0,1335.0,692.0,25840
"Hickory-Lenoir-Morganton, NC Metro Area",41820.0,2446.0,5398.0,6449.0,4205.0,4294.0,3101.0,909.0,2907.0,6870.0,5241.0,25860
"Hilo, HI Micro Area",19232.0,1103.0,1483.0,1890.0,2006.0,2280.0,1947.0,1597.0,1204.0,3695.0,2027.0,25900
"Hilton Head Island-Bluffton, SC Metro Area",22673.0,1238.0,1464.0,1258.0,1663.0,1898.0,1207.0,2552.0,2446.0,5101.0,3846.0,25940
"Hinesville, GA Metro Area",16056.0,557.0,1743.0,1243.0,2202.0,1522.0,1320.0,2371.0,597.0,3375.0,1126.0,25980
"Hobbs, NM Micro Area",7444.0,93.0,768.0,416.0,153.0,867.0,506.0,261.0,207.0,2141.0,2032.0,26020
"Holland, MI Micro Area",5319.0,226.0,734.0,881.0,506.0,738.0,174.0,488.0,140.0,1043.0,389.0,26090
"Homosassa Springs, FL Metro Area",10929.0,239.0,463.0,1392.0,1683.0,490.0,1055.0,236.0,648.0,3000.0,1723.0,26140
"Hot Springs, AR Metro Area",12873.0,267.0,1488.0,1496.0,1406.0,931.0,1321.0,394.0,1312.0,2853.0,1405.0,26300
"Houma-Thibodaux, LA Metro Area",16646.0,1012.0,935.0,1568.0,2049.0,900.0,1145.0,1620.0,901.0,3840.0,2676.0,26380
"Houston-The Woodlands-Sugar Land, TX Metro Area",1001904.0,27320.0,73345.0,111185.0,128506.0,108655.0,78978.0,74298.0,87643.0,251156.0,60818.0,26420
"Huntington-Ashland, WV-KY-OH Metro Area",38259.0,1442.0,2353.0,5570.0,3951.0,4093.0,2831.0,2734.0,2150.0,7884.0,5251.0,26580
"Huntsville, AL Metro Area",58998.0,2663.0,5661.0,9097.0,6959.0,5509.0,4118.0,4277.0,5041.0,10362.0,5311.0,26620
"Huntsville, TX Micro Area",11753.0,36.0,365.0,1160.0,465.0,1804.0,638.0,878.0,1303.0,3777.0,1327.0,26660
"Idaho Falls, ID Metro Area",13159.0,847.0,869.0,1417.0,2975.0,1861.0,840.0,619.0,930.0,2099.0,702.0,26820
"Indiana, PA Micro Area",9118.0,552.0,1409.0,691.0,691.0,1580.0,756.0,269.0,185.0,1709.0,1276.0,26860
"Indianapolis-Carmel-Anderson, IN Metro Area",270352.0,9862.0,24576.0,38761.0,35175.0,30647.0,25380.0,20439.0,21358.0,50893.0,13261.0,26900
"Iowa City, IA Metro Area",26840.0,965.0,2715.0,3209.0,2873.0,1743.0,2101.0,2935.0,2766.0,6144.0,1389.0,26980
"Ithaca, NY Metro Area",20672.0,522.0,1001.0,2175.0,1401.0,2395.0,2473.0,805.0,2141.0,6523.0,1236.0,27060
"Jackson, MI Metro Area",15516.0,934.0,1316.0,2212.0,1097.0,2180.0,991.0,788.0,1516.0,3744.0,738.0,27100
"Jackson, MS Metro Area",76637.0,1976.0,6307.0,6727.0,6029.0,7222.0,6999.0,3970.0,5482.0,22122.0,9803.0,27140
"Jackson, TN Metro Area",22692.0,536.0,2556.0,2390.0,2914.0,2199.0,1244.0,1281.0,1675.0,4779.0,3118.0,27180
"Jacksonville, FL Metro Area",216707.0,5810.0,16744.0,26078.0,24270.0,20351.0,20768.0,13083.0,22019.0,56285.0,11299.0,27260
"Jacksonville, NC Metro Area",27041.0,658.0,2752.0,1490.0,4322.0,4714.0,1573.0,1172.0,2712.0,5814.0,1834.0,27340
"Jamestown-Dunkirk-Fredonia, NY Micro Area",15868.0,489.0,1032.0,2326.0,1371.0,1204.0,3102.0,436.0,749.0,3784.0,1375.0,27460
"Janesville-Beloit, WI Metro Area",19950.0,1235.0,2411.0,2903.0,2790.0,1519.0,1857.0,1043.0,1598.0,3201.0,1393.0,27500
"Jefferson, GA Micro Area",6031.0,207.0,1099.0,1170.0,478.0,405.0,247.0,8.0,778.0,1182.0,457.0,27600
"Jefferson City, MO Metro Area",14793.0,1066.0,2581.0,2818.0,1201.0,948.0,1120.0,453.0,690.0,2375.0,1541.0,27620
"Johnson City, TN Metro Area",28678.0,1031.0,3534.0,2861.0,3181.0,3350.0,2061.0,2491.0,1988.0,4929.0,3252.0,27740
"Johnstown, PA Metro Area",12227.0,950.0,1024.0,978.0,1846.0,1194.0,776.0,553.0,843.0,2501.0,1562.0,27780
"Jonesboro, AR Metro Area",17598.0,248.0,1988.0,1991.0,1474.0,2208.0,1238.0,821.0,1098.0,4854.0,1678.0,27860
"Joplin, MO Metro Area",20666.0,1077.0,1571.0,2201.0,2552.0,2791.0,2102.0,1181.0,1628.0,3479.0,2084.0,27900
"Kahului-Wailuku-Lahaina, HI Metro Area",18538.0,386.0,1234.0,1928.0,1228.0,1771.0,1429.0,856.0,1280.0,6242.0,2184.0,27980
"Kalamazoo-Portage, MI Metro Area",38481.0,829.0,2291.0,4014.0,4619.0,5372.0,2396.0,2515.0,3866.0,9295.0,3284.0,28020
"Kalispell, MT Micro Area",9221.0,399.0,967.0,2114.0,875.0,489.0,932.0,586.0,438.0,1733.0,688.0,28060
"Kankakee, IL Metro Area",11450.0,1125.0,1282.0,1071.0,1327.0,899.0,853.0,645.0,470.0,2128.0,1650.0,28100
"Kansas City, MO-KS Metro Area",300376.0,10949.0,27619.0,40010.0,45423.0,35039.0,26666.0,14665.0,24716.0,58411.0,16878.0,28140
"Kapaa, HI Micro Area",8098.0,504.0,408.0,531.0,904.0,654.0,556.0,315.0,1162.0,2288.0,776.0,28180
"Keene, NH Micro Area",7190.0,155.0,97.0,518.0,485.0,1044.0,860.0,873.0,1001.0,1590.0,567.0,28300
"Kennewick-Richland, WA Metro Area",33411.0,2379.0,3081.0,4205.0,3654.0,3916.0,3411.0,1379.0,3111.0,6323.0,1952.0,28420
"Key West, FL Micro Area",14301.0,380.0,887.0,1327.0,1324.0,1028.0,1496.0,1065.0,1289.0,4376.0,1129.0,28580
