NAME,B25070_001E,B25070_002E,B25070_003E,B25070_004E,B25070_005E,B25070_006E,B25070_007E,B25070_008E,B25070_009E,B25070_010E,B25070_011E,metropolitan statistical area/micropolitan statistical area
"Springfield, OH Metro Area",18398.0,1299.0,1666.0,2957.0,2356.0,2613.0,1297.0,562.0,1618.0,2707.0,1323.0,44220
"State College, PA Metro Area",22056.0,446.0,838.0,2565.0,2323.0,1904.0,1897.0,1752.0,1992.0,6688.0,1651.0,44300
"Statesboro, GA Micro Area",12100.0,716.0,833.0,929.0,1635.0,503.0,1152.0,389.0,590.0,4941.0,412.0,44340
"Staunton-Waynesboro, VA Metro Area",14851.0,736.0,1571.0,1420.0,2500.0,1537.0,765.0,636.0,640.0,3997.0,1049.0,44420
"Stevens Point, WI Micro Area",9675.0,621.0,906.0,1401.0,1119.0,1136.0,822.0,705.0,500.0,2077.0,388.0,44620
"Stillwater, OK Micro Area",14873.0,451.0,858.0,621.0,1299.0,1046.0,1016.0,1334.0,2208.0,4887.0,1153.0,44660
"Stockton-Lodi, CA Metro Area",97524.0,1972.0,6679.0,9239.0,11921.0,9715.0,9338.0,7221.0,10433.0,25054.0,5952.0,44700
"Sumter, SC Metro Area",14684.0,1436.0,1093.0,1215.0,1791.0,588.0,1339.0,1048.0,1660.0,3440.0,1074.0,44940
"Syracuse, NY Metro Area",85549.0,3561.0,7942.0,11609.0,9376.0,9687.0,7497.0,4761.0,5937.0,18843.0,6336.0,45060
"Talladega-Sylacauga, AL Micro Area",10838.0,870.0,1267.0,1191.0,1266.0,1333.0,760.0,727.0,325.0,1427.0,1672.0,45180
"Tallahassee, FL Metro Area",60217.0,824.0,3903.0,6723.0,5393.0,5736.0,5400.0,4398.0,6740.0,15999.0,5101.0,45220
"Tampa-St. Petersburg-Clearwater, FL Metro Area",430836.0,11797.0,28467.0,49066.0,51058.0,48683.0,38501.0,28530.0,39394.0,108415.0,26925.0,45300
"Terre Haute, IN Metro Area",21829.0,1378.0,1698.0,2956.0,1986.0,1770.0,1478.0,1070.0,1780.0,5268.0,2445.0,45460
"Texarkana, TX-AR Metro Area",21954.0,1902.0,2434.0,2450.0,2698.0,1059.0,2322.0,697.0,2202.0,3916.0,2274.0,45500
"The Villages, FL Metro Area",4541.0,269.0,287.0,558.0,363.0,379.0,175.0,201.0,534.0,843.0,932.0,45540
"Toledo, OH Metro Area",94320.0,5708.0,9730.0,13105.0,12028.0,10216.0,6861.0,4776.0,6538.0,18890.0,6468.0,45780
"Topeka, KS Metro Area",31324.0,1443.0,3489.0,4308.0,3262.0,3576.0,2692.0,1608.0,2079.0,6528.0,2339.0,45820
"Torrington, CT Micro Area",17146.0,925.0,1493.0,2048.0,1236.0,2371.0,1604.0,1113.0,1594.0,3946.0,816.0,45860
"Traverse City, MI Micro Area",11454.0,308.0,950.0,1476.0,1307.0,1587.0,1221.0,494.0,873.0,2723.0,515.0,45900
"Trenton, NJ Metro Area",47016.0,2083.0,4423.0,5123.0,5181.0,4292.0,4411.0,2954.0,2922.0,12092.0,3535.0,45940
"Truckee-Grass Valley, CA Micro Area",10110.0,159.0,702.0,1356.0,576.0,615.0,806.0,460.0,1745.0,2111.0,1580.0,46020
"Tucson, AZ Metro Area",145827.0,4719.0,11032.0,18329.0,14550.0,11677.0,13838.0,9214.0,12771.0,39796.0,9901.0,46060
"Tullahoma-Manchester, TN Micro Area",12565.0,1078.0,1828.0,1282.0,1038.0,1149.0,1134.0,354.0,895.0,2622.0,1185.0,46100
"Tulsa, OK Metro Area",133373.0,5325.0,11646.0,18107.0,16716.0,14295.0,10526.0,8142.0,10522.0,26731.0,11363.0,46140
"Tupelo, MS Micro Area",13816.0,798.0,1431.0,1721.0,1672.0,1722.0,447.0,612.0,906.0,2792.0,1715.0,46180
"Tyler, TX Metro Area",25446.0,1136.0,1843.0,3196.0,3413.0,3099.0,1787.0,1812.0,2487.0,5065.0,1608.0,46340
"Ukiah, CA Micro Area",12615.0,423.0,547.0,1719.0,992.0,1223.0,1030.0,871.0,1246.0,3017.0,1547.0,46380
"Urban Honolulu, HI Metro Area",136338.0,3862.0,8337.0,11705.0,15092.0,14578.0,12479.0,9891.0,15112.0,37734.0,7548.0,46520
"Utica-Rome, NY Metro Area",36291.0,2555.0,3803.0,3620.0,4146.0,3528.0,2475.0,1800.0,3563.0,7897.0,2904.0,46540
"Valdosta, GA Metro Area",24521.0,618.0,2005.0,2227.0,3055.0,2502.0,1619.0,803.0,1758.0,4878.0,5056.0,46660
"Vallejo-Fairfield, CA Metro Area",61667.0,1480.0,3740.0,6418.0,7540.0,7616.0,6818.0,5137.0,5070.0,15543.0,2305.0,46700
"Victoria, TX Metro Area",12169.0,453.0,1376.0,1093.0,2087.0,967.0,331.0,742.0,1349.0,2383.0,1388.0,47020
"Vineland-Bridgeton, NJ Metro Area",17137.0,514.0,482.0,1766.0,823.0,1106.0,1945.0,804.0,1614.0,7002.0,1081.0,47220
"Virginia Beach-Norfolk-Newport News, VA-NC Metro Area",244229.0,6972.0,14428.0,28678.0,32513.0,29402.0,23069.0,17487.0,22638.0,56515.0,12527.0,47260
"Visalia-Porterville, CA Metro Area",62048.0,2089.0,4535.0,5985.0,6383.0,6158.0,4617.0,4492.0,6625.0,17492.0,3672.0,47300
"Waco, TX Metro Area",39662.0,1837.0,2190.0,4231.0,3520.0,4204.0,5075.0,2219.0,2469.0,10027.0,3890.0,47380
"Tuscaloosa, AL Metro Area",29596.0,1060.0,3212.0,3069.0,3531.0,2492.0,1906.0,1152.0,2412.0,6522.0,4240.0,46220
"Twin Falls, ID Micro Area",11124.0,1273.0,1171.0,1859.0,877.0,1890.0,689.0,914.0,800.0,1133.0,518.0,46300
"Walla Walla, WA Metro Area",9324.0,191.0,701.0,1241.0,1054.0,849.0,552.0,480.0,1115.0,2588.0,553.0,47460
"Warner Robins, GA Metro Area",24620.0,1547.0,3248.0,2372.0,2345.0,2614.0,2581.0,1586.0,1683.0,5031.0,1613.0,47580
"Warsaw, IN Micro Area",7263.0,451.0,1300.0,1031.0,956.0,651.0,84.0,477.0,764.0,815.0,734.0,47700
"Washington-Arlington-Alexandria, DC-VA-MD-WV Metro Area",801452.0,26331.0,64170.0,110015.0,112819.0,90743.0,71286.0,51426.0,66174.0,170878.0,37610.0,47900
"Waterloo-Cedar Falls, IA Metro Area",21299.0,1333.0,1852.0,2786.0,3231.0,2267.0,2109.0,783.0,2092.0,3706.0,1140.0,47940
"Watertown-Fort Atkinson, WI Micro Area",11100.0,222.0,1009.0,2240.0,684.0,991.0,1137.0,602.0,1245.0,1703.0,1267.0,48020
"Watertown-Fort Drum, NY Metro Area",18318.0,266.0,707.0,1504.0,1585.0,3231.0,2090.0,1070.0,2310.0,4149.0,1406.0,48060
"Wausau, WI Metro Area",15656.0,775.0,1800.0,2544.0,1916.0,2246.0,1445.0,515.0,995.0,2477.0,943.0,48140
"Weirton-Steubenville, WV-OH Metro Area",14969.0,927.0,1418.0,1341.0,2019.0,2140.0,1475.0,264.0,1137.0,2459.0,1789.0,48260
"Wenatchee, WA Metro Area",15655.0,1276.0,1586.0,2120.0,1938.0,2150.0,1335.0,446.0,1066.0,1953.0,1785.0,48300
"Wheeling, WV-OH Metro Area",10598.0,799.0,1072.0,1271.0,972.0,2143.0,630.0,381.0,557.0,1244.0,1529.0,48540
"Whitewater-Elkhorn, WI Micro Area",12539.0,468.0,846.0,2231.0,1920.0,1619.0,1168.0,448.0,803.0,2296.0,740.0,48580
"Wichita, KS Metro Area",86662.0,3594.0,8534.0,11553.0,11748.0,8896.0,6597.0,5394.0,7100.0,18249.0,4997.0,48620
"Wichita Falls, TX Metro Area",20514.0,891.0,1760.0,2131.0,1399.0,2352.0,1472.0,1282.0,1757.0,5437.0,2033.0,48660
"Williamsport, PA Metro Area",14427.0,458.0,1316.0,2076.0,1614.0,2137.0,702.0,1303.0,1121.0,2955.0,745.0,48700
"Wilmington, NC Metro Area",42911.0,1154.0,3093.0,5443.0,5289.0,5592.0,2268.0,2971.0,3068.0,9549.0,4484.0,48900
"Wilson, NC Micro Area",13667.0,537.0,1669.0,1488.0,1728.0,1408.0,1577.0,630.0,982.0,2168.0,1480.0,48980
"Wisconsin Rapids-Marshfield, WI Micro Area",9094.0,383.0,1222.0,1010.0,1141.0,906.0,900.0,353.0,356.0,2158.0,665.0,49220
"Wooster, OH Micro Area",11092.0,848.0,1340.0,1383.0,1657.0,912.0,390.0,547.0,677.0,2687.0,651.0,49300
"Worcester, MA-CT Metro Area",126085.0,5518.0,11664.0,16114.0,14180.0,13982.0,11476.0,6428.0,10839.0,27363.0,8521.0,49340
"Yakima, WA Metro Area",32708.0,560.0,3004.0,5645.0,3642.0,4064.0,2029.0,2239.0,2031.0,6435.0,3059.0,49420
"York-Hanover, PA Metro Area",45165.0,1620.0,3583.0,6117.0,6200.0,4163.0,5123.0,3044.0,3095.0,8854.0,3366.0,49620
"Youngstown-Warren-Boardman, OH-PA Metro Area",69837.0,3362.0,6174.0,8324.0,8637.0,7346.0,6570.0,4157.0,5165.0,13753.0,6349.0,49660
"Yuba City, CA Metro Area",23252.0,306.0,1824.0,3318.0,2685.0,2823.0,1902.0,1999.0,1954.0,4709.0,1732.0,49700
"Yuma, AZ Metro Area",24534.0,957.0,1700.0,4603.0,3788.0,3331.0,1199.0,1422.0,2005.0,3994.0,1535.0,49740
"Zanesville, OH Micro Area",9284.0,135.0,898.0,737.0,1042.0,1058.0,844.0,432.0,588.0,2449.0,1101.0,49780
"Winchester, VA-WV Metro Area",14255.0,1041.0,1993.0,2015.0,1287.0,2271.0,562.0,622.0,1010.0,2316.0,1138.0,49020
"Erie, PA Metro Area",36270.0,1888.0,3579.0,4879.0,3996.0,3995.0,2393.0,1651.0,3109.0,7821.0,2959.0,21500
"Eugene, OR Metro Area",61560.0,1614.0,3631.0,6183.0,7741.0,6345.0,5093.0,4705.0,5497.0,17662.0,3089.0,21660
"Eureka-Arcata-Fortuna, CA Micro Area",21990.0,367.0,1407.0,1763.0,1618.0,1537.0,2426.0,1553.0,2627.0,6392.0,2300.0,21700
"Evansville, IN-KY Metro Area",40605.0,2012.0,4818.0,4301.0,4905.0,3294.0,2649.0,2105.0,3546.0,10430.0,2545.0,21780
"Fairbanks, AK Metro Area",14194.0,177.0,1532.0,2070.0,778.0,2093.0,2075.0,1045.0,1108.0,2786.0,530.0,21820
"Fargo, ND-MN Metro Area",41901.0,1296.0,5043.0,6816.0,6019.0,4090.0,3449.0,1857.0,3047.0,8860.0,1424.0,22020
"Faribault-Northfield, MN Micro Area",6019.0,288.0,217.0,497.0,1073.0,630.0,198.0,247.0,518.0,2128.0,223.0,22060
"Farmington, MO Micro Area",6810.0,444.0,462.0,117.0,785.0,975.0,1068.0,779.0,645.0,878.0,657.0,22100
"Farmington, NM Metro Area",10682.0,333.0,884.0,1049.0,1242.0,1466.0,1172.0,928.0,397.0,1789.0,1422.0,22140
"Fayetteville, NC Metro Area",68715.0,1769.0,5200.0,7232.0,8483.0,6210.0,6284.0,4129.0,7029.0,16127.0,6252.0,22180
"Fayetteville-Springdale-Rogers, AR-MO Metro Area",75895.0,3956.0,10050.0,11909.0,11755.0,7012.0,4933.0,3844.0,4488.0,11459.0,6489.0,22220
"Flagstaff, AZ Metro Area",18588.0,594.0,850.0,2088.0,2340.0,1802.0,874.0,1566.0,900.0,5179.0,2395.0,22380
"Flint, MI Metro Area",47680.0,2011.0,3472.0,4972.0,4873.0,5050.0,2505.0,3315.0,5079.0,12605.0,3798.0,22420
"Florence, SC Metro Area",26786.0,618.0,1763.0,3004.0,3436.0,3575.0,2581.0,1594.0,2130.0,4683.0,3402.0,22500
"Florence-Muscle Shoals, AL Metro Area",19710.0,637.0,2049.0,1985.0,3264.0,2275.0,1438.0,964.0,1867.0,3042.0,2189.0,22520
"Fond du Lac, WI Metro Area",12980.0,616.0,2806.0,1665.0,1685.0,879.0,655.0,1085.0,646.0,2113.0,830.0,22540
"Forest City, NC Micro Area",7802.0,220.0,1245.0,783.0,308.0,345.0,299.0,698.0,728.0,1461.0,1715.0,22580
"Fort Collins, CO Metro Area",45059.0,993.0,2372.0,3206.0,4454.0,5326.0,4540.0,3470.0,4884.0,13051.0,2763.0,22660
"Fort Payne, AL Micro Area",7882.0,611.0,302.0,1397.0,917.0,819.0,76.0,225.0,544.0,1604.0,1387.0,22840
"Fort Smith, AR-OK Metro Area",36784.0,1636.0,3443.0,4070.0,4824.0,3620.0,4004.0,3160.0,2621.0,6286.0,3120.0,22900
"Findlay, OH Micro Area",9348.0,224.0,901.0,1244.0,1669.0,891.0,1391.0,262.0,415.0,1355.0,996.0,22300
"Gallup, NM Micro Area",6333.0,895.0,938.0,467.0,467.0,295.0,560.0,91.0,306.0,626.0,1688.0,23700
"Gettysburg, PA Metro Area",9261.0,551.0,557.0,1045.0,919.0,1415.0,622.0,778.0,736.0,1551.0,1087.0,23900
"Fort Wayne, IN Metro Area",51371.0,1834.0,5716.0,7444.0,6797.0,4929.0,4458.0,3431.0,4380.0,9218.0,3164.0,23060
"Frankfort, KY Micro Area",9355.0,344.0,799.0,1306.0,2017.0,771.0,932.0,246.0,615.0,1650.0,675.0,23180
"Fresno, CA Metro Area",142531.0,4613.0,10101.0,14647.0,15003.0,14929.0,12902.0,8689.0,13988.0,38920.0,8739.0,23420
"Gadsden, AL Metro Area",10587.0,329.0,843.0,1016.0,938.0,890.0,487.0,346.0,1398.0,2136.0,2204.0,23460
"Gainesville, FL Metro Area",44351.0,1730.0,2179.0,3394.0,2959.0,4293.0,2972.0,2998.0,4286.0,14867.0,4673.0,23540
"Gainesville, GA Metro Area",18362.0,1261.0,1716.0,2499.0,2135.0,1730.0,1788.0,909.0,1558.0,3820.0,946.0,23580
"Glens Falls, NY Metro Area",12986.0,321.0,1008.0,1849.0,676.0,1325.0,1138.0,1546.0,1436.0,2894.0,793.0,24020
"Glenwood Springs, CO Micro Area",9234.0,404.0,534.0,1902.0,660.0,1489.0,1408.0,622.0,627.0,812.0,776.0,24060
"Goldsboro, NC Metro Area",16413.0,529.0,893.0,2273.0,1444.0,1875.0,1437.0,1543.0,1025.0,3216.0,2178.0,24140
"Grand Forks, ND-MN Metro Area",20577.0,1860.0,2204.0,2235.0,1510.0,2791.0,1309.0,1059.0,1802.0,4857.0,950.0,24220
"Grand Island, NE Metro Area",10441.0,1654.0,1999.0,1571.0,1213.0,872.0,748.0,273.0,535.0,1001.0,575.0,24260
"Grand Junction, CO Metro Area",19712.0,917.0,1429.0,2085.0,2376.0,2530.0,1525.0,874.0,1539.0,5296.0,1141.0,24300
"Kalamazoo-Portage, MI Metro Area",43540.0,2028.0,5470.0,5430.0,6719.0,4379.0,2668.0,2435.0,3637.0,8395.0,2379.0,28020
"Kalispell, MT Micro Area",9064.0,1105.0,1072.0,1135.0,700.0,1350.0,536.0,675.0,343.0,1064.0,1084.0,28060
"Kankakee, IL Metro Area",12316.0,207.0,1827.0,1297.0,1442.0,1355.0,1314.0,405.0,1245.0,2805.0,419.0,28100
"Kansas City, MO-KS Metro Area",293593.0,11707.0,27954.0,42918.0,41866.0,33243.0,27675.0,18039.0,22728.0,51744.0,15719.0,28140
"Kapaa, HI Micro Area",8796.0,307.0,879.0,949.0,893.0,596.0,969.0,1088.0,435.0,1462.0,1218.0,28180
"Keene, NH Micro Area",8845.0,122.0,463.0,797.0,1048.0,1861.0,759.0,848.0,764.0,1455.0,728.0,28300
"Kennewick-Richland, WA Metro Area",32611.0,1361.0,3927.0,2599.0,6497.0,2954.0,2913.0,1661.0,2032.0,6542.0,2125.0,28420
"Key West, FL Micro Area",13655.0,359.0,664.0,1609.0,1495.0,1461.0,1134.0,928.0,2121.0,3287.0,597.0,28580
"Killeen-Temple, TX Metro Area",64318.0,2268.0,7142.0,6426.0,10034.0,8751.0,4582.0,4087.0,6925.0,10872.0,3231.0,28660
"Kingsport-Bristol-Bristol, TN-VA Metro Area",34637.0,2693.0,2934.0,4582.0,3199.0,4138.0,1558.0,1888.0,2445.0,6714.0,4486.0,28700
"Kingston, NY Metro Area",20603.0,220.0,1256.0,2072.0,3286.0,1814.0,1016.0,943.0,2034.0,6393.0,1569.0,28740
"Klamath Falls, OR Micro Area",9281.0,276.0,809.0,675.0,982.0,795.0,462.0,673.0,1302.0,2649.0,658.0,28900
"Knoxville, TN Metro Area",112299.0,4538.0,11514.0,15159.0,12562.0,12428.0,9880.0,7369.0,7276.0,19764.0,11809.0,28940
"Grand Rapids-Wyoming, MI Metro Area",104934.0,3810.0,9349.0,13675.0,12393.0,13221.0,9862.0,5654.0,9605.0,21745.0,5620.0,24340
"Grants Pass, OR Metro Area",12549.0,203.0,226.0,1245.0,2600.0,1386.0,1344.0,78.0,633.0,4296.0,538.0,24420
"Great Falls, MT Metro Area",10454.0,417.0,1104.0,1305.0,1513.0,1029.0,498.0,902.0,807.0,1865.0,1014.0,24500
"Greeley, CO Metro Area",27222.0,739.0,2016.0,3404.0,3314.0,3203.0,3621.0,1357.0,2447.0,5047.0,2074.0,24540
"Green Bay, WI Metro Area",42996.0,1804.0,6599.0,6455.0,6643.0,4299.0,4116.0,1534.0,3104.0,6617.0,1825.0,24580
"Greeneville, TN Micro Area",6966.0,146.0,434.0,635.0,990.0,950.0,446.0,526.0,125.0,1774.0,940.0,24620
"Greenfield Town, MA Micro Area",9182.0,195.0,842.0,869.0,1370.0,1363.0,575.0,514.0,228.0,2262.0,964.0,24640
"Greensboro-High Point, NC Metro Area",111498.0,3863.0,12034.0,13688.0,12385.0,13172.0,9284.0,8289.0,9950.0,21463.0,7370.0,24660
"Greenville, NC Metro Area",31759.0,1728.0,2498.0,3776.0,2094.0,2467.0,1341.0,1142.0,3617.0,10778.0,2318.0,24780
"Greenville-Anderson-Mauldin, SC Metro Area",106983.0,3145.0,10398.0,13881.0,13554.0,10863.0,10561.0,7524.0,7052.0,21573.0,8432.0,24860
"Greenwood, SC Micro Area",12314.0,792.0,1389.0,693.0,1736.0,853.0,243.0,511.0,1086.0,3366.0,1645.0,24940
"Aberdeen, WA Micro Area",10449.0,731.0,414.0,1574.0,1087.0,1204.0,1246.0,304.0,716.0,2147.0,1026.0,10140
"Abilene, TX Metro Area",21531.0,478.0,2067.0,2870.0,2298.0,1896.0,1935.0,2088.0,1866.0,3347.0,2686.0,10180
"Kokomo, IN Metro Area",9769.0,942.0,1414.0,1197.0,1292.0,507.0,542.0,295.0,698.0,2358.0,524.0,29020
"La Crosse-Onalaska, WI-MN Metro Area",20750.0,979.0,1655.0,3744.0,3124.0,2532.0,1674.0,757.0,1727.0,3430.0,1128.0,29100
"Lafayette, LA Metro Area",55969.0,1374.0,3468.0,5768.0,4890.0,5811.0,3659.0,3351.0,4715.0,12626.0,10307.0,29180
"Lafayette-West Lafayette, IN Metro Area",30646.0,928.0,3286.0,2799.0,3523.0,3259.0,2526.0,2197.0,1990.0,8377.0,1761.0,29200
"LaGrange, GA Micro Area",10030.0,128.0,590.0,937.0,1046.0,1636.0,588.0,532.0,387.0,3059.0,1127.0,29300
"Lake Charles, LA Metro Area",24142.0,751.0,1185.0,2495.0,3035.0,2343.0,1835.0,2114.0,2464.0,5747.0,2173.0,29340
"Lake City, FL Micro Area",6022.0,361.0,715.0,377.0,958.0,582.0,561.0,321.0,407.0,746.0,994.0,29380
"Lake Havasu City-Kingman, AZ Metro Area",26284.0,451.0,1818.0,3228.0,3687.0,2581.0,2311.0,2411.0,2500.0,3975.0,3322.0,29420
"Lakeland-Winter Haven, FL Metro Area",75098.0,1257.0,5711.0,8341.0,8388.0,10954.0,5700.0,5369.0,6837.0,17172.0,5369.0,29460
"Lancaster, PA Metro Area",66530.0,2537.0,6391.0,9327.0,8965.0,6781.0,4638.0,4153.0,5866.0,13541.0,4331.0,29540
"Lansing-East Lansing, MI Metro Area",66171.0,2070.0,7336.0,9054.0,7383.0,7361.0,4473.0,3909.0,5480.0,15200.0,3905.0,29620
"Laredo, TX Metro Area",28991.0,1321.0,1815.0,2763.0,2667.0,3259.0,2421.0,2185.0,3073.0,5937.0,3550.0,29700
"Las Cruces, NM Metro Area",26903.0,354.0,1863.0,3934.0,2119.0,3466.0,1459.0,1309.0,2349.0,6916.0,3134.0,29740
"Las Vegas-Henderson-Paradise, NV Metro Area",358166.0,10131.0,29418.0,47348.0,47829.0,37782.0,29527.0,23406.0,31739.0,82414.0,18572.0,29820
"Laurel, MS Micro Area",7875.0,298.0,96.0,687.0,965.0,897.0,458.0,527.0,334.0,1692.0,1921.0,29860
"Lawrence, KS Metro Area",23249.0,1268.0,1459.0,2507.0,1832.0,3472.0,1901.0,1048.0,1977.0,6630.0,1155.0,29940
"Lawton, OK Metro Area",20768.0,839.0,2636.0,3450.0,1785.0,1526.0,1656.0,1795.0,1736.0,4059.0,1286.0,30020
"Lebanon, PA Metro Area",15824.0,388.0,1495.0,1921.0,2839.0,1621.0,1119.0,965.0,1640.0,3004.0,832.0,30140
"Lewiston, ID-WA Metro Area",6252.0,449.0,403.0,869.0,567.0,1326.0,468.0,427.0,191.0,1073.0,479.0,30300
"Lewiston-Auburn, ME Metro Area",15790.0,124.0,861.0,1984.0,2788.0,2243.0,1266.0,801.0,1483.0,2911.0,1329.0,30340
"Lexington-Fayette, KY Metro Area",81816.0,3518.0,8653.0,10311.0,10116.0,9491.0,5651.0,5065.0,5025.0,18285.0,5701.0,30460
"Lima, OH Metro Area",13662.0,783.0,1471.0,2161.0,1847.0,786.0,977.0,514.0,771.0,3771.0,581.0,30620
"Lincoln, NE Metro Area",48920.0,1949.0,7155.0,6369.0,7084.0,4064.0,4275.0,4130.0,3538.0,7946.0,2410.0,30700
"Little Rock-North Little Rock-Conway, AR Metro Area",102981.0,4034.0,11107.0,10992.0,13159.0,10609.0,9652.0,6860.0,8303.0,20616.0,7649.0,30780
"Logan, UT-ID Metro Area",15083.0,535.0,1118.0,1666.0,1856.0,1856.0,1420.0,1529.0,824.0,3680.0,599.0,30860
"London, KY Micro Area",14953.0,611.0,1259.0,1193.0,1012.0,1209.0,802.0,427.0,520.0,3831.0,4089.0,30940
"Longview, TX Metro Area",24424.0,678.0,1343.0,4164.0,3066.0,2297.0,2157.0,1260.0,2046.0,4948.0,2465.0,30980
"Longview, WA Metro Area",14544.0,597.0,1292.0,1798.0,1066.0,1714.0,638.0,1309.0,1228.0,3384.0,1518.0,31020
"Los Angeles-Long Beach-Anaheim, CA Metro Area",2243059.0,55838.0,134683.0,222348.0,245578.0,243864.0,210121.0,156729.0,224229.0,642738.0,106931.0,31080
"Louisville/Jefferson County, KY-IN Metro Area",166889.0,5524.0,21360.0,22355.0,20919.0,19182.0,13382.0,9426.0,11881.0,29707.0,13153.0,31140
"Lubbock, TX Metro Area",54126.0,2077.0,2423.0,4753.0,5504.0,4303.0,5976.0,3292.0,5213.0,15561.0,5024.0,31180
"Adrian, MI Micro Area",9116.0,919.0,1168.0,1156.0,700.0,1114.0,806.0,644.0,444.0,1496.0,669.0,10300
"Aguadilla-Isabela, PR Metro Area",39266.0,642.0,1283.0,1689.0,1907.0,2260.0,1641.0,678.0,411.0,4780.0,23975.0,10380
"Akron, OH Metro Area",96207.0,4430.0,10478.0,13870.0,10834.0,8871.0,8144.0,4454.0,5861.0,23091.0,6174.0,10420
"Alamogordo, NM Micro Area",8950.0,263.0,290.0,829.0,1524.0,1180.0,440.0,1653.0,337.0,1684.0,750.0,10460
"Albany, GA Metro Area",27405.0,1344.0,3474.0,2482.0,3394.0,2763.0,2278.0,1612.0,2020.0,5780.0,2258.0,10500
"Albany, OR Metro Area",17427.0,121.0,773.0,2111.0,2489.0,1244.0,1195.0,1228.0,1942.0,5732.0,592.0,10540
"Albany-Schenectady-Troy, NY Metro Area",124470.0,4522.0,11837.0,17798.0,17640.0,13320.0,10518.0,7544.0,8299.0,26603.0,6389.0,10580
"Albertville, AL Micro Area",10437.0,574.0,1099.0,1451.0,624.0,1385.0,436.0,838.0,278.0,1978.0,1774.0,10700
"Albuquerque, NM Metro Area",113863.0,3135.0,9094.0,13831.0,12189.0,12910.0,9247.0,7345.0,8725.0,28697.0,8690.0,10740
"Alexandria, LA Metro Area",20816.0,1144.0,916.0,1818.0,2079.0,2488.0,2276.0,2282.0,1534.0,4544.0,1735.0,10780
"Allentown-Bethlehem-Easton, PA-NJ Metro Area",99575.0,2726.0,7913.0,13517.0,10143.0,10322.0,11214.0,5425.0,9660.0,23785.0,4870.0,10900
"Altoona, PA Metro Area",17633.0,565.0,2081.0,1278.0,2491.0,1026.0,1571.0,634.0,1294.0,4817.0,1876.0,11020
"Amarillo, TX Metro Area",34511.0,1740.0,2013.0,4670.0,6209.0,2891.0,2672.0,2373.0,2638.0,6109.0,3196.0,11100
"Ames, IA Metro Area",18035.0,122.0,1613.0,1271.0,2404.0,2008.0,1074.0,978.0,1411.0,6423.0,731.0,11180
"Anchorage, AK Metro Area",51133.0,2256.0,3035.0,6625.0,8598.0,5644.0,4812.0,3415.0,4109.0,10164.0,2475.0,11260
"Ann Arbor, MI Metro Area",53825.0,2088.0,6262.0,6773.0,6651.0,5800.0,4252.0,2563.0,3766.0,13795.0,1875.0,11460
"Anniston-Oxford-Jacksonville, AL Metro Area",13414.0,1285.0,1685.0,1349.0,1014.0,843.0,884.0,881.0,323.0,2537.0,2613.0,11500
"Appleton, WI Metro Area",25539.0,1121.0,3555.0,3867.0,3529.0,2481.0,2007.0,1583.0,1701.0,4243.0,1452.0,11540
"Arecibo, PR Metro Area",20001.0,594.0,604.0,945.0,1229.0,955.0,809.0,172.0,522.0,3482.0,10689.0,11640
"Asheville, NC Metro Area",60714.0,2984.0,4838.0,6058.0,8101.0,5984.0,5227.0,4495.0,5582.0,12694.0,4751.0,11700
"Ashtabula, OH Micro Area",12405.0,330.0,1200.0,1285.0,1137.0,1444.0,692.0,701.0,982.0,3387.0,1247.0,11780
"Athens, OH Micro Area",9407.0,217.0,1026.0,810.0,638.0,659.0,416.0,167.0,477.0,3529.0,1468.0,11900
"Athens, TX Micro Area",7663.0,359.0,795.0,521.0,826.0,814.0,559.0,471.0,283.0,2125.0,910.0,11980
"Athens-Clarke County, GA Metro Area",34731.0,1031.0,3195.0,3232.0,4527.0,2793.0,3066.0,2120.0,2333.0,9367.0,3067.0,12020
"Atlanta-Sandy Springs-Roswell, GA Metro Area",778722.0,25241.0,63911.0,106621.0,97569.0,89672.0,71322.0,49412.0,74517.0,166665.0,33792.0,12060
"Atlantic City-Hammonton, NJ Metro Area",34654.0,692.0,2382.0,3441.0,3224.0,3413.0,3311.0,2681.0,3120.0,10544.0,1846.0,12100
"Auburn, NY Micro Area",8535.0,227.0,1567.0,792.0,829.0,1170.0,751.0,333.0,258.0,1610.0,998.0,12180
"Auburn-Opelika, AL Metro Area",21345.0,1001.0,2305.0,1821.0,3215.0,1412.0,1565.0,1195.0,1924.0,5022.0,1885.0,12220
"Augusta-Richmond County, GA-SC Metro Area",70614.0,2450.0,5700.0,8947.0,6419.0,6742.0,7367.0,5138.0,5971.0,15717.0,6163.0,12260
"Augusta-Waterville, ME Micro Area",15665.0,594.0,655.0,2021.0,1633.0,1978.0,1708.0,838.0,1025.0,3593.0,1620.0,12300
"Austin-Round Rock, TX Metro Area",319411.0,9737.0,23802.0,41042.0,48040.0,40327.0,28926.0,17054.0,27401.0,68379.0,14703.0,12420
"Bakersfield, CA Metro Area",113433.0,3447.0,7959.0,11909.0,12313.0,11801.0,11406.0,8160.0,11143.0,26792.0,8503.0,12540
"Baltimore-Columbia-Towson, MD Metro Area",351597.0,10111.0,28479.0,41760.0,42915.0,42642.0,29771.0,21861.0,29038.0,86593.0,18427.0,12580
"Bangor, ME Metro Area",17173.0,441.0,1856.0,1629.0,2845.0,1483.0,1070.0,1287.0,767.0,3943.0,1852.0,12620
"Barnstable Town, MA Metro Area",18649.0,479.0,1221.0,2408.0,1560.0,1550.0,1393.0,1599.0,1726.0,5385.0,1328.0,12700
"Baton Rouge, LA Metro Area",96005.0,5654.0,9896.0,10293.0,9431.0,8225.0,5758.0,4582.0,5985.0,25013.0,11168.0,12940
"Battle Creek, MI Metro Area",17348.0,430.0,1292.0,1196.0,1259.0,2008.0,1592.0,1237.0,2290.0,4365.0,1679.0,12980
"Lufkin, TX Micro Area",11131.0,52.0,1064.0,937.0,1168.0,1126.0,286.0,1206.0,1470.0,2589.0,1233.0,31260
"Lumberton, NC Micro Area",16683.0,723.0,1447.0,1494.0,1075.0,1794.0,1662.0,641.0,1340.0,2878.0,3629.0,31300
"Lynchburg, VA Metro Area",29055.0,1067.0,2933.0,3899.0,2796.0,3522.0,2558.0,2373.0,2249.0,4851.0,2807.0,31340
"Macon-Bibb County, GA Metro Area",32896.0,1590.0,2470.0,3523.0,3728.0,2954.0,2818.0,2067.0,2612.0,6854.0,4280.0,31420
"Madera, CA Metro Area",14469.0,362.0,493.0,1122.0,1955.0,925.0,1231.0,1166.0,1722.0,4328.0,1165.0,31460
"Madison, WI Metro Area",105393.0,4251.0,10534.0,16393.0,13589.0,10526.0,7791.0,6202.0,7410.0,23738.0,4959.0,31540
"Manchester-Nashua, NH Metro Area",55630.0,1465.0,5073.0,8225.0,8363.0,6362.0,5106.0,3344.0,4523.0,11499.0,1670.0,31700
"Manhattan, KS Metro Area",16662.0,342.0,699.0,2495.0,1968.0,2031.0,2343.0,1005.0,1569.0,3990.0,220.0,31740
"Manitowoc, WI Micro Area",8361.0,437.0,1059.0,1647.0,1230.0,583.0,455.0,714.0,443.0,1065.0,728.0,31820
"Mankato-North Mankato, MN Metro Area",13096.0,632.0,1163.0,1779.0,805.0,1252.0,1373.0,1333.0,1007.0,3268.0,484.0,31860
"Mansfield, OH Metro Area",15836.0,1101.0,1973.0,1860.0,1776.0,1834.0,1210.0,793.0,1326.0,3055.0,908.0,31900
"Marinette, WI-MI Micro Area",6840.0,303.0,562.0,947.0,867.0,608.0,434.0,396.0,662.0,1205.0,856.0,31940
"Marion, IN Micro Area",7937.0,313.0,833.0,1078.0,1025.0,520.0,309.0,725.0,997.0,1626.0,511.0,31980
"New Bern, NC Metro Area",17616.0,817.0,1495.0,1963.0,2422.0,2928.0,1323.0,339.0,1558.0,3337.0,1434.0,35100
"Oak Harbor, WA Micro Area",10726.0,278.0,432.0,2169.0,1291.0,1170.0,1202.0,1190.0,772.0,1288.0,934.0,36020
"Ocala, FL Metro Area",32524.0,687.0,2105.0,3805.0,4529.0,4697.0,2839.0,1304.0,2866.0,6134.0,3558.0,36100
"Ocean City, NJ Metro Area",8913.0,375.0,400.0,1413.0,845.0,873.0,171.0,576.0,493.0,2797.0,970.0,36140
"Odessa, TX Metro Area",18152.0,1163.0,1742.0,2950.0,1813.0,1977.0,1773.0,899.0,1913.0,2150.0,1772.0,36220
"Ogden-Clearfield, UT Metro Area",51720.0,1550.0,6066.0,7167.0,8478.0,6669.0,4779.0,3589.0,3666.0,7461.0,2295.0,36260
"Ogdensburg-Massena, NY Micro Area",10463.0,341.0,1344.0,1181.0,983.0,974.0,679.0,250.0,820.0,2470.0,1421.0,36300
"Oklahoma City, OK Metro Area",186570.0,8106.0,18363.0,26082.0,22629.0,19125.0,15251.0,10842.0,14683.0,37189.0,14300.0,36420
"Olean, NY Micro Area",9665.0,654.0,901.0,1195.0,1195.0,735.0,888.0,339.0,554.0,2435.0,769.0,36460
"Olympia-Tumwater, WA Metro Area",37668.0,928.0,2277.0,3740.0,6516.0,4470.0,3906.0,2891.0,3655.0,7474.0,1811.0,36500
"Omaha-Council Bluffs, NE-IA Metro Area",125823.0,5866.0,12699.0,20618.0,15897.0,13555.0,10756.0,7498.0,10311.0,21266.0,7357.0,36540
"Opelousas, LA Micro Area",8437.0,127.0,469.0,1134.0,1238.0,540.0,285.0,500.0,814.0,945.0,2385.0,36660
"Orangeburg, SC Micro Area",9858.0,357.0,467.0,931.0,1579.0,251.0,709.0,993.0,372.0,1806.0,2393.0,36700
"Orlando-Kissimmee-Sanford, FL Metro Area",346172.0,9109.0,23123.0,34352.0,39326.0,40124.0,30271.0,19452.0,32597.0,95988.0,21830.0,36740
"Oshkosh-Neenah, WI Metro Area",24657.0,909.0,3468.0,3792.0,3971.0,1841.0,1610.0,1619.0,2616.0,4452.0,379.0,36780
"Ottawa-Peru, IL Micro Area",16643.0,1103.0,2287.0,2178.0,1332.0,1327.0,1712.0,663.0,1279.0,2882.0,1880.0,36860
"Owensboro, KY Metro Area",15125.0,926.0,1749.0,2012.0,1506.0,1371.0,1401.0,1094.0,673.0,3235.0,1158.0,36980
"Bay City, MI Metro Area",10848.0,193.0,1069.0,1269.0,1197.0,1213.0,783.0,774.0,1137.0,2542.0,671.0,13020
"Beaumont-Port Arthur, TX Metro Area",47181.0,2617.0,4431.0,4552.0,6216.0,4576.0,4067.0,3161.0,3266.0,7520.0,6775.0,13140
"Beaver Dam, WI Micro Area",10246.0,328.0,1294.0,1724.0,1624.0,1423.0,755.0,836.0,536.0,1150.0,576.0,13180
"Beckley, WV Metro Area",11091.0,882.0,943.0,750.0,1226.0,1229.0,812.0,601.0,347.0,2239.0,2062.0,13220
"Bellingham, WA Metro Area",34018.0,1287.0,1927.0,3652.0,3313.0,3261.0,4045.0,3087.0,3232.0,8781.0,1433.0,13380
"Bend-Redmond, OR Metro Area",25896.0,249.0,1902.0,3575.0,3194.0,3738.0,2374.0,2583.0,1531.0,5044.0,1706.0,13460
"Billings, MT Metro Area",21986.0,806.0,2521.0,2779.0,3107.0,1851.0,1551.0,2016.0,1577.0,4737.0,1041.0,13740
"Binghamton, NY Metro Area",32196.0,1285.0,2718.0,4676.0,2832.0,2713.0,2045.0,1767.0,2145.0,8594.0,3421.0,13780
"Birmingham-Hoover, AL Metro Area",140756.0,5284.0,12431.0,17976.0,14213.0,15972.0,10190.0,8140.0,11452.0,30562.0,14536.0,13820
"Bismarck, ND Metro Area",18124.0,671.0,2557.0,2197.0,1476.0,1142.0,1167.0,2442.0,520.0,4153.0,1799.0,13900
"Blacksburg-Christiansburg-Radford, VA Metro Area",25565.0,1239.0,3445.0,2139.0,2907.0,2536.0,1907.0,902.0,1156.0,6229.0,3105.0,13980
"Bloomington, IL Metro Area",23920.0,1978.0,2120.0,2559.0,2908.0,1462.0,811.0,1013.0,2632.0,4968.0,3469.0,14010
"Bloomington, IN Metro Area",28117.0,1317.0,1852.0,2889.0,2803.0,2494.0,2128.0,1646.0,1792.0,8518.0,2678.0,14020
"Bloomsburg-Berwick, PA Metro Area",10492.0,432.0,1377.0,1654.0,1062.0,1166.0,642.0,690.0,363.0,1541.0,1565.0,14100
"Bluefield, WV-VA Micro Area",11676.0,706.0,872.0,1394.0,1626.0,937.0,1448.0,670.0,499.0,2248.0,1276.0,14140
"Boise City, ID Metro Area",82265.0,2551.0,8116.0,10276.0,9648.0,9702.0,5983.0,5013.0,7279.0,16079.0,7618.0,14260
"Boston-Cambridge-Newton, MA-NH Metro Area",695658.0,26006.0,59987.0,84094.0,82745.0,85280.0,65446.0,40449.0,55320.0,162456.0,33875.0,14460
"Boulder, CO Metro Area",49570.0,1896.0,3022.0,3988.0,5169.0,5114.0,5268.0,3477.0,5482.0,14270.0,1884.0,14500
"Bowling Green, KY Metro Area",24574.0,1495.0,1829.0,1730.0,3495.0,3318.0,1489.0,1474.0,2121.0,5197.0,2426.0,14540
"Bozeman, MT Micro Area",16195.0,362.0,772.0,2109.0,2062.0,1758.0,2052.0,911.0,997.0,4467.0,705.0,14580
"Brainerd, MN Micro Area",8308.0,182.0,856.0,1028.0,920.0,821.0,734.0,582.0,689.0,1523.0,973.0,14660
"Branson, MO Micro Area",9439.0,170.0,524.0,1719.0,1069.0,1009.0,730.0,1162.0,417.0,1487.0,1152.0,14700
"Oxnard-Thousand Oaks-Ventura, CA Metro Area",101162.0,2385.0,4970.0,9326.0,12461.0,12001.0,9232.0,8740.0,10949.0,26763.0,4335.0,37100
"Paducah, KY-IL Micro Area",11385.0,557.0,1104.0,1797.0,947.0,1730.0,1055.0,696.0,109.0,1929.0,1461.0,37140
"Palatka, FL Micro Area",8714.0,311.0,344.0,598.0,901.0,937.0,104.0,1562.0,1095.0,1526.0,1336.0,37260
"Palm Bay-Melbourne-Titusville, FL Metro Area",60016.0,1368.0,3840.0,7140.0,6712.0,7123.0,4312.0,3295.0,6970.0,15265.0,3991.0,37340
"Panama City, FL Metro Area",28611.0,1471.0,2337.0,2606.0,4067.0,2406.0,3061.0,2214.0,1866.0,6039.0,2544.0,37460
"Parkersburg-Vienna, WV Metro Area",11024.0,531.0,984.0,1280.0,941.0,899.0,941.0,996.0,635.0,1556.0,2261.0,37620
"Pensacola-Ferry Pass-Brent, FL Metro Area",61009.0,1313.0,4874.0,7506.0,7698.0,6293.0,4530.0,4957.0,8477.0,11555.0,3806.0,37860
"Peoria, IL Metro Area",41245.0,2839.0,3596.0,5364.0,4278.0,5516.0,3219.0,1601.0,3465.0,7377.0,3990.0,37900
"Philadelphia-Camden-Wilmington, PA-NJ-DE-MD Metro Area",774778.0,27699.0,57792.0,88543.0,86371.0,76396.0,60999.0,42312.0,55701.0,188943.0,90022.0,37980
"Marion, OH Micro Area",8004.0,274.0,1030.0,1037.0,554.0,984.0,448.0,585.0,531.0,1951.0,610.0,32020
"Marquette, MI Micro Area",8081.0,306.0,620.0,1129.0,1070.0,1210.0,1001.0,457.0,299.0,1479.0,510.0,32100
"Marshall, TX Micro Area",5883.0,260.0,707.0,462.0,313.0,730.0,587.0,285.0,433.0,1657.0,449.0,32220
"Martinsville, VA Micro Area",7516.0,109.0,762.0,1308.0,826.0,1218.0,237.0,222.0,347.0,1592.0,895.0,32300
"Mayagüez, PR Metro Area",14061.0,371.0,631.0,475.0,372.0,687.0,519.0,753.0,818.0,3316.0,6119.0,32420
"McAllen-Edinburg-Mission, TX Metro Area",80652.0,4201.0,7883.0,6730.0,7430.0,7674.0,6104.0,5168.0,6642.0,18827.0,9993.0,32580
"Meadville, PA Micro Area",9976.0,844.0,1073.0,1177.0,931.0,718.0,765.0,356.0,352.0,2596.0,1164.0,32740
"Medford, OR Metro Area",32757.0,799.0,1972.0,3088.0,4590.0,3177.0,3601.0,1862.0,3117.0,8994.0,1557.0,32780
"Memphis, TN-MS-AR Metro Area",195817.0,5645.0,14888.0,23016.0,24050.0,23806.0,13948.0,12674.0,16637.0,45198.0,15955.0,32820
"Merced, CA Metro Area",41479.0,1101.0,3323.0,5002.0,4611.0,3448.0,3122.0,3152.0,4648.0,9534.0,3538.0,32900
"Meridian, MS Micro Area",12900.0,825.0,1050.0,1284.0,1811.0,1239.0,1619.0,118.0,1150.0,1640.0,2164.0,32940
"Bremerton-Silverdale, WA Metro Area",35062.0,877.0,1990.0,6197.0,4238.0,4081.0,3721.0,1398.0,2950.0,7569.0,2041.0,14740
"Bridgeport-Stamford-Norwalk, CT Metro Area",111658.0,6446.0,7485.0,10888.0,13052.0,10393.0,9202.0,5928.0,10407.0,31525.0,6332.0,14860
"Canton-Massillon, OH Metro Area",53655.0,2818.0,6218.0,6877.0,6586.0,5539.0,4798.0,2604.0,3337.0,10035.0,4843.0,15940
"Cape Coral-Fort Myers, FL Metro Area",76022.0,1349.0,5355.0,9748.0,12012.0,8144.0,6225.0,5650.0,5450.0,17435.0,4654.0,15980
"Brownsville-Harlingen, TX Metro Area",43066.0,1266.0,3016.0,4973.0,4345.0,4367.0,2877.0,2775.0,4062.0,11012.0,4373.0,15180
"Brunswick, GA Metro Area",13113.0,458.0,1513.0,814.0,1806.0,1265.0,1569.0,370.0,755.0,2624.0,1939.0,15260
"Buffalo-Cheektowaga-Niagara Falls, NY Metro Area",163698.0,7246.0,16739.0,19563.0,16635.0,15716.0,13091.0,10068.0,13259.0,40408.0,10973.0,15380
"Burlington, NC Metro Area",23334.0,665.0,2450.0,3015.0,2545.0,2438.0,2231.0,1007.0,2030.0,5094.0,1859.0,15500
"Burlington-South Burlington, VT Metro Area",31495.0,751.0,1609.0,2981.0,4514.0,3782.0,3576.0,1375.0,2363.0,9431.0,1113.0,15540
"California-Lexington Park, MD Metro Area",11767.0,356.0,862.0,845.0,1522.0,2136.0,1041.0,1145.0,1220.0,2141.0,499.0,15680
"Cape Girardeau, MO-IL Metro Area",10313.0,379.0,789.0,1121.0,1554.0,1546.0,359.0,287.0,444.0,2457.0,1377.0,16020
"Carbondale-Marion, IL Metro Area",18469.0,1127.0,1298.0,1762.0,1590.0,2399.0,1309.0,382.0,1198.0,5019.0,2385.0,16060
"Carson City, NV Metro Area",10834.0,320.0,1289.0,1610.0,1183.0,1884.0,1081.0,384.0,822.0,1859.0,402.0,16180
"Casper, WY Metro Area",8991.0,240.0,981.0,1109.0,812.0,1452.0,810.0,1075.0,961.0,1022.0,529.0,16220
"Cedar Rapids, IA Metro Area",25368.0,1439.0,3537.0,3261.0,3372.0,3886.0,1583.0,876.0,2068.0,4060.0,1286.0,16300
"Miami-Fort Lauderdale-West Palm Beach, FL Metro Area",853714.0,16466.0,33151.0,65702.0,88980.0,95736.0,77853.0,63219.0,91641.0,271515.0,49451.0,33100
"Michigan City-La Porte, IN Metro Area",12098.0,494.0,1037.0,1177.0,1704.0,1854.0,1060.0,884.0,733.0,2271.0,884.0,33140
"Midland, MI Metro Area",7573.0,545.0,940.0,840.0,449.0,660.0,579.0,551.0,627.0,2099.0,283.0,33220
"Midland, TX Metro Area",19365.0,1113.0,2838.0,2691.0,2789.0,1562.0,1290.0,745.0,1183.0,4181.0,973.0,33260
"Milwaukee-Waukesha-West Allis, WI Metro Area",252197.0,8787.0,25640.0,34064.0,29143.0,26538.0,21510.0,15414.0,19757.0,57531.0,13813.0,33340
"Minneapolis-St. Paul-Bloomington, MN-WI Metro Area",410368.0,15672.0,37371.0,56679.0,55587.0,51562.0,37518.0,23814.0,30443.0,86862.0,14860.0,33460
"Minot, ND Micro Area",11208.0,1130.0,1585.0,1475.0,1250.0,1101.0,791.0,117.0,1064.0,1932.0,763.0,33500
"Missoula, MT Metro Area",20550.0,441.0,2389.0,1976.0,1965.0,2735.0,1983.0,1471.0,1437.0,5144.0,1009.0,33540
"Mobile, AL Metro Area",55282.0,1800.0,3901.0,5937.0,5076.0,5272.0,4916.0,2396.0,4878.0,12124.0,8982.0,33660
"Modesto, CA Metro Area",74274.0,1906.0,5859.0,7571.0,8646.0,11266.0,5596.0,4820.0,6842.0,17888.0,3880.0,33700
"Monroe, LA Metro Area",25039.0,922.0,1071.0,2032.0,2484.0,1923.0,2830.0,1408.0,2143.0,6073.0,4153.0,33740
"Monroe, MI Metro Area",12040.0,309.0,1056.0,1132.0,969.0,1890.0,847.0,856.0,1577.0,2596.0,808.0,33780
"Montgomery, AL Metro Area",51700.0,1801.0,4710.0,4444.0,5853.0,5240.0,3016.0,2131.0,3265.0,16974.0,4266.0,33860
"Morehead City, NC Micro Area",9035.0,683.0,1243.0,1151.0,876.0,816.0,609.0,512.0,896.0,1285.0,964.0,33980
"Morgantown, WV Metro Area",19588.0,644.0,1710.0,2239.0,1072.0,1786.0,1957.0,1154.0,894.0,5909.0,2223.0,34060
"Morristown, TN Metro Area",12958.0,489.0,961.0,2673.0,950.0,1449.0,945.0,1107.0,1386.0,1447.0,1551.0,34100
"Moses Lake, WA Micro Area",10888.0,406.0,1391.0,1733.0,1411.0,2046.0,619.0,436.0,335.0,1360.0,1151.0,34180
"Mount Airy, NC Micro Area",8008.0,445.0,458.0,1236.0,643.0,682.0,664.0,258.0,834.0,1558.0,1230.0,34340
"Mount Pleasant, MI Micro Area",9157.0,167.0,439.0,1368.0,1124.0,543.0,727.0,373.0,683.0,3008.0,725.0,34380
"Mount Vernon-Anacortes, WA Metro Area",13888.0,484.0,727.0,2209.0,1874.0,1628.0,769.0,1116.0,979.0,3267.0,835.0,34580
"Muncie, IN Metro Area",17988.0,1285.0,1950.0,1739.0,1072.0,2062.0,1090.0,435.0,1691.0,4994.0,1670.0,34620
"Centralia, WA Micro Area",9037.0,190.0,555.0,1233.0,739.0,1769.0,1045.0,226.0,761.0,1653.0,866.0,16500
"Chambersburg-Waynesboro, PA Metro Area",19444.0,629.0,2181.0,3636.0,2253.0,2179.0,1795.0,661.0,1280.0,3574.0,1256.0,16540
"Champaign-Urbana, IL Metro Area",41680.0,1658.0,2806.0,4438.0,3877.0,3096.0,3089.0,3600.0,2906.0,10352.0,5858.0,16580
"Charleston, WV Metro Area",25277.0,781.0,2851.0,2751.0,3048.0,2240.0,2007.0,1236.0,1176.0,4148.0,5039.0,16620
"Charleston-North Charleston, SC Metro Area",104165.0,4529.0,6616.0,10275.0,12690.0,10751.0,8718.0,6770.0,10071.0,25481.0,8264.0,16700
"Charlotte-Concord-Gastonia, NC-SC Metro Area",324861.0,14871.0,31852.0,47349.0,40263.0,34011.0,25389.0,21923.0,26211.0,61704.0,21288.0,16740
"Charlottesville, VA Metro Area",32962.0,2058.0,2972.0,3965.0,3317.0,4220.0,1527.0,1795.0,1630.0,7401.0,4077.0,16820
"Chattanooga, TN-GA Metro Area",76707.0,2862.0,6545.0,9897.0,9417.0,7197.0,6606.0,3964.0,7571.0,13893.0,8755.0,16860
"Cheyenne, WY Metro Area",11065.0,226.0,658.0,1014.0,2180.0,1494.0,1076.0,819.0,618.0,2189.0,791.0,16940
"Chicago-Naperville-Elgin, IL-IN-WI Metro Area",1242408.0,47697.0,108101.0,151380.0,150471.0,137381.0,100283.0,71847.0,100372.0,297909.0,76967.0,16980
"Chico, CA Metro Area",37296.0,647.0,2267.0,2761.0,3921.0,4016.0,4048.0,2752.0,3853.0,9663.0,3368.0,17020
"Chillicothe, OH Micro Area",7933.0,0.0,300.0,1306.0,1262.0,818.0,538.0,360.0,872.0,1452.0,1025.0,17060
"Cincinnati, OH-KY-IN Metro Area",290540.0,12540.0,34284.0,40622.0,36129.0,31824.0,21273.0,15345.0,19603.0,60319.0,18601.0,17140
"Claremont-Lebanon, NH-VT Micro Area",23632.0,933.0,1734.0,2242.0,3248.0,2794.0,2193.0,1674.0,2445.0,4166.0,2203.0,17200
"Clarksburg, WV Micro Area",7959.0,384.0,658.0,671.0,484.0,1030.0,425.0,294.0,647.0,1850.0,1516.0,17220
"Clarksville, TN-KY Metro Area",44220.0,1948.0,5778.0,4417.0,5472.0,4227.0,3709.0,2452.0,4354.0,8714.0,3149.0,17300
"Clearlake, CA Micro Area",7532.0,463.0,613.0,584.0,558.0,997.0,363.0,787.0,365.0,1744.0,1058.0,17340
"Cleveland, TN Metro Area",16402.0,1260.0,1114.0,2149.0,1302.0,2124.0,1120.0,1356.0,946.0,3140.0,1891.0,17420
"Cleveland-Elyria, OH Metro Area",306824.0,13917.0,27326.0,37411.0,33101.0,32858.0,24593.0,17548.0,26261.0,70478.0,23331.0,17460
"Coeur d'Alene, ID Metro Area",16280.0,374.0,2479.0,1917.0,1877.0,2174.0,1559.0,863.0,1866.0,2205.0,966.0,17660
"College Station-Bryan, TX Metro Area",43237.0,1386.0,2655.0,4679.0,3799.0,3085.0,1852.0,2413.0,3212.0,17392.0,2764.0,17780
"Colorado Springs, CO Metro Area",97351.0,2408.0,5062.0,10790.0,12698.0,11573.0,11233.0,8220.0,9921.0,21630.0,3816.0,17820
"Columbia, MO Metro Area",30767.0,938.0,1594.0,4413.0,2949.0,4007.0,2643.0,1923.0,3039.0,8027.0,1234.0,17860
"Columbia, SC Metro Area",99963.0,3850.0,8385.0,11415.0,11240.0,9798.0,8299.0,5727.0,7119.0,25604.0,8526.0,17900
"Columbus, GA-AL Metro Area",51554.0,1941.0,3636.0,6463.0,5804.0,4522.0,3259.0,2971.0,5000.0,13822.0,4136.0,17980
"Muskegon, MI Metro Area",16078.0,472.0,852.0,2044.0,2741.0,1400.0,1473.0,1008.0,1073.0,3847.0,1168.0,34740
"Muskogee, OK Micro Area",9271.0,393.0,705.0,624.0,1062.0,961.0,881.0,476.0,768.0,2240.0,1161.0,34780
"Myrtle Beach-Conway-North Myrtle Beach, SC-NC Metro Area",49846.0,817.0,3138.0,5245.0,6390.0,5568.0,3594.0,3457.0,4293.0,10733.0,6611.0,34820
"Nacogdoches, TX Micro Area",10015.0,516.0,490.0,1414.0,1393.0,379.0,514.0,687.0,836.0,2815.0,971.0,34860
"Napa, CA Metro Area",16225.0,571.0,832.0,1637.0,1768.0,1795.0,1736.0,1155.0,1952.0,3694.0,1085.0,34900
"Naples-Immokalee-Marco Island, FL Metro Area",38586.0,1558.0,1967.0,4298.0,4418.0,2838.0,3262.0,2810.0,3438.0,10392.0,3605.0,34940
"Nashville-Davidson--Murfreesboro--Franklin, TN Metro Area",250929.0,9327.0,21530.0,33680.0,32843.0,34166.0,22878.0,15422.0,17872.0,46210.0,17001.0,34980
"New Castle, PA Micro Area",9221.0,460.0,638.0,1075.0,411.0,1150.0,672.0,754.0,1013.0,1601.0,1447.0,35260
"New Haven-Milford, CT Metro Area",123337.0,5143.0,9345.0,12352.0,13994.0,17599.0,9764.0,7048.0,10285.0,29747.0,8060.0,35300
"New Orleans-Metairie, LA Metro Area",182220.0,5477.0,12411.0,18561.0,17320.0,15929.0,14851.0,13787.0,14559.0,52876.0,16449.0,35380
"New Philadelphia-Dover, OH Micro Area",10415.0,345.0,1547.0,1668.0,1023.0,1369.0,577.0,347.0,415.0,2050.0,1074.0,35420
"New York-Newark-Jersey City, NY-NJ-PA Metro Area",3470851.0,158084.0,283127.0,383843.0,375134.0,349130.0,300522.0,215415.0,311405.0,920622.0,173569.0,35620
"Niles-Benton Harbor, MI Metro Area",19813.0,590.0,1761.0,2326.0,1852.0,1228.0,2309.0,981.0,1821.0,4654.0,2291.0,35660
"North Port-Sarasota-Bradenton, FL Metro Area",84347.0,2278.0,5103.0,9833.0,9154.0,7636.0,8049.0,5933.0,7433.0,22326.0,6602.0,35840
"North Wilkesboro, NC Micro Area",6447.0,365.0,592.0,1322.0,644.0,819.0,588.0,284.0,221.0,1213.0,399.0,35900
"Norwich-New London, CT Metro Area",35217.0,1222.0,2641.0,5147.0,4482.0,4449.0,4219.0,2072.0,2561.0,7075.0,1349.0,35980
"Winston-Salem, NC Metro Area",84775.0,3659.0,7239.0,8997.0,9321.0,10270.0,5840.0,5466.0,6806.0,19343.0,7834.0,49180
"Columbus, IN Metro Area",9179.0,919.0,1498.0,980.0,993.0,765.0,752.0,411.0,750.0,982.0,1129.0,18020
"Columbus, OH Metro Area",301504.0,8991.0,34094.0,45230.0,39821.0,32781.0,24586.0,18316.0,24527.0,59465.0,13693.0,18140
"Concord, NH Micro Area",18448.0,428.0,1509.0,2790.0,2314.0,2454.0,1016.0,1243.0,1903.0,4083.0,708.0,18180
"Cookeville, TN Micro Area",15648.0,1031.0,1479.0,2096.0,1014.0,1561.0,1198.0,740.0,1079.0,2788.0,2662.0,18260
"Coos Bay, OR Micro Area",8843.0,81.0,420.0,1389.0,581.0,768.0,433.0,589.0,784.0,2258.0,1540.0,18300
"Corning, NY Micro Area",9201.0,416.0,648.0,1310.0,845.0,1166.0,674.0,923.0,565.0,1508.0,1146.0,18500
"Corpus Christi, TX Metro Area",64254.0,2781.0,5657.0,6783.0,9286.0,7581.0,5850.0,3430.0,4742.0,14886.0,3258.0,18580
"Corvallis, OR Metro Area",15824.0,370.0,1219.0,1523.0,1372.0,1135.0,1132.0,1440.0,1285.0,5311.0,1037.0,18700
"Crestview-Fort Walton Beach-Destin, FL Metro Area",37093.0,1405.0,3084.0,5117.0,3912.0,4209.0,4062.0,2197.0,3148.0,7700.0,2259.0,18880
"Cullman, AL Micro Area",9114.0,157.0,633.0,706.0,943.0,1348.0,653.0,864.0,660.0,1264.0,1886.0,18980
"Cumberland, MD-WV Metro Area",12104.0,362.0,1836.0,1036.0,1332.0,1933.0,794.0,250.0,1265.0,1721.0,1575.0,19060
"Dallas-Fort Worth-Arlington, TX Metro Area",1038219.0,32476.0,90285.0,144961.0,145074.0,117902.0,94285.0,68507.0,86282.0,205683.0,52764.0,19100
"Dalton, GA Metro Area",18671.0,1237.0,3460.0,2522.0,2804.0,1734.0,1329.0,719.0,916.0,2805.0,1145.0,19140
"Danville, IL Metro Area",8310.0,873.0,869.0,875.0,1563.0,607.0,562.0,365.0,574.0,1428.0,594.0,19180
"Danville, VA Micro Area",15623.0,286.0,2308.0,1431.0,1936.0,1353.0,1013.0,971.0,1921.0,2759.0,1645.0,19260
"Daphne-Fairhope-Foley, AL Metro Area",20559.0,374.0,2033.0,1860.0,3063.0,3203.0,2089.0,967.0,1238.0,2854.0,2878.0,19300
"Davenport-Moline-Rock Island, IA-IL Metro Area",43412.0,2729.0,4014.0,6261.0,5140.0,3852.0,3753.0,1849.0,3273.0,9608.0,2933.0,19340
"Dayton, OH Metro Area",123724.0,5841.0,14491.0,17602.0,15191.0,14631.0,8436.0,7305.0,11062.0,22071.0,7094.0,19380
"Decatur, AL Metro Area",15434.0,228.0,1266.0,1790.0,1329.0,1988.0,895.0,1343.0,1168.0,2781.0,2646.0,19460
"Decatur, IL Metro Area",11555.0,761.0,1701.0,938.0,1317.0,862.0,734.0,400.0,914.0,2558.0,1370.0,19500
"Deltona-Daytona Beach-Ormond Beach, FL Metro Area",76029.0,1684.0,3706.0,8649.0,9297.0,7751.0,6166.0,5320.0,6504.0,20525.0,6427.0,19660
"Denver-Aurora-Lakewood, CO Metro Area",396543.0,9219.0,28224.0,48755.0,53958.0,47512.0,37224.0,26563.0,38889.0,90634.0,15565.0,19740
"Des Moines-West Des Moines, IA Metro Area",73725.0,2970.0,6621.0,13545.0,10350.0,7903.0,6573.0,3715.0,4821.0,14045.0,3182.0,19780
"Detroit-Warren-Dearborn, MI Metro Area",531275.0,18946.0,51606.0,62676.0,62896.0,56729.0,44634.0,28473.0,38706.0,127576.0,39033.0,19820
"Dothan, AL Metro Area",17044.0,1095.0,1814.0,1829.0,2245.0,1309.0,784.0,687.0,1120.0,3733.0,2428.0,20020
"Dover, DE Metro Area",18905.0,993.0,1140.0,1543.0,1871.0,2228.0,2385.0,1550.0,855.0,4861.0,1479.0,20100
"DuBois, PA Micro Area",7458.0,322.0,365.0,955.0,355.0,972.0,615.0,239.0,432.0,1672.0,1531.0,20180
"Dubuque, IA Metro Area",9605.0,736.0,974.0,1110.0,1425.0,836.0,741.0,393.0,1062.0,1488.0,840.0,20220
"Duluth, MN-WI Metro Area",34464.0,1864.0,2667.0,4263.0,3298.0,3556.0,3896.0,1278.0,2880.0,7984.0,2778.0,20260
"Dunn, NC Micro Area",15476.0,276.0,959.0,2274.0,1813.0,1738.0,1039.0,852.0,1422.0,2720.0,2383.0,20380
"Durham-Chapel Hill, NC Metro Area",91919.0,3398.0,7283.0,12056.0,10952.0,10116.0,7621.0,6743.0,6796.0,21668.0,5286.0,20500
"East Stroudsburg, PA Metro Area",11916.0,361.0,995.0,2074.0,966.0,1233.0,1025.0,316.0,593.0,3247.0,1106.0,20700
"Eau Claire, WI Metro Area",22136.0,820.0,2553.0,3317.0,2080.0,2466.0,2023.0,1662.0,1399.0,4880.0,936.0,20740
"El Centro, CA Metro Area",17159.0,525.0,1324.0,1605.0,2042.0,2375.0,1612.0,1021.0,1144.0,4511.0,1000.0,20940
"Elizabeth City, NC Micro Area",8821.0,345.0,568.0,1152.0,854.0,461.0,720.0,511.0,428.0,2783.0,999.0,21020
"Elizabethtown-Fort Knox, KY Metro Area",22607.0,1200.0,2857.0,3541.0,2937.0,1747.0,2809.0,698.0,2342.0,2469.0,2007.0,21060
"Elkhart-Goshen, IN Metro Area",22255.0,1482.0,3523.0,3427.0,2521.0,3183.0,1428.0,1440.0,637.0,3392.0,1222.0,21140
"Elmira, NY Metro Area",10648.0,419.0,931.0,1537.0,1156.0,1090.0,1124.0,516.0,433.0,2798.0,644.0,21300
"El Paso, TX Metro Area",104691.0,1606.0,7617.0,12169.0,12323.0,13469.0,8283.0,8543.0,10994.0,23065.0,6622.0,21340
"Enid, OK Metro Area",8067.0,586.0,1307.0,521.0,839.0,460.0,598.0,587.0,1051.0,1181.0,937.0,21420
"Hattiesburg, MS Metro Area",20446.0,766.0,1432.0,1682.0,2080.0,1889.0,2016.0,1883.0,1272.0,5550.0,1876.0,25620
"Helena, MT Micro Area",8921.0,589.0,475.0,1432.0,1351.0,1276.0,957.0,470.0,865.0,1128.0,378.0,25740
"Hermiston-Pendleton, OR Micro Area",10845.0,466.0,1803.0,835.0,1018.0,1328.0,891.0,737.0,948.0,2069.0,750.0,25840
"Hickory-Lenoir-Morganton, NC Metro Area",39749.0,2652.0,5298.0,4952.0,5579.0,4436.0,2876.0,1541.0,2563.0,6222.0,3630.0,25860
"Hilo, HI Micro Area",22556.0,1049.0,1937.0,2603.0,1571.0,2304.0,1594.0,1258.0,1976.0,4441.0,3823.0,25900
"Hilton Head Island-Bluffton-Beaufort, SC Metro Area",21814.0,612.0,1180.0,1766.0,2596.0,2069.0,1610.0,2647.0,1761.0,6436.0,1137.0,25940
"Hinesville, GA Metro Area",13745.0,177.0,689.0,2226.0,1713.0,2212.0,1097.0,705.0,2023.0,2230.0,673.0,25980
"Guayama, PR Metro Area",7655.0,248.0,157.0,510.0,237.0,569.0,631.0,682.0,485.0,2634.0,1502.0,25020
"Gulfport-Biloxi-Pascagoula, MS Metro Area",55815.0,2245.0,4182.0,5450.0,6800.0,6812.0,5330.0,2568.0,5599.0,12537.0,4292.0,25060
"Hagerstown-Martinsburg, MD-WV Metro Area",31781.0,1399.0,2254.0,3258.0,3214.0,4489.0,1956.0,2445.0,2205.0,7704.0,2857.0,25180
"Hammond, LA Metro Area",15916.0,475.0,1214.0,1491.0,1429.0,1239.0,1369.0,1259.0,1016.0,3998.0,2426.0,25220
"Hanford-Corcoran, CA Metro Area",19222.0,976.0,1902.0,1820.0,2158.0,2255.0,1237.0,1569.0,2299.0,3295.0,1711.0,25260
"Owosso, MI Micro Area",6726.0,451.0,694.0,619.0,777.0,573.0,655.0,495.0,727.0,1015.0,720.0,37020
"Phoenix-Mesa-Scottsdale, AZ Metro Area",608752.0,18145.0,50414.0,76618.0,85904.0,68720.0,47372.0,38952.0,52725.0,131527.0,38375.0,38060
"Pine Bluff, AR Metro Area",10431.0,278.0,1153.0,859.0,1437.0,880.0,982.0,697.0,396.0,2129.0,1620.0,38220
"Pinehurst-Southern Pines, NC Micro Area",10430.0,28.0,1523.0,2062.0,1065.0,937.0,502.0,393.0,305.0,3077.0,538.0,38240
"Pittsburgh, PA Metro Area",299999.0,15145.0,31749.0,38815.0,37126.0,32906.0,22777.0,15572.0,19240.0,62663.0,24006.0,38300
"Pittsfield, MA Metro Area",16730.0,823.0,1352.0,1525.0,1728.0,1893.0,2233.0,1422.0,1846.0,3102.0,806.0,38340
"Plattsburgh, NY Micro Area",11565.0,743.0,1450.0,1653.0,1497.0,1533.0,774.0,799.0,727.0,1281.0,1108.0,38460
"Pocatello, ID Metro Area",10227.0,253.0,1128.0,616.0,1331.0,868.0,878.0,1056.0,1121.0,2248.0,728.0,38540
"Ponce, PR Metro Area",32151.0,564.0,1400.0,1591.0,1176.0,1788.0,669.0,1127.0,646.0,2650.0,20540.0,38660
"Port Angeles, WA Micro Area",9695.0,244.0,483.0,595.0,1074.0,1835.0,792.0,911.0,1056.0,1743.0,962.0,38820
"Portland-South Portland, ME Metro Area",57843.0,1734.0,4647.0,7447.0,7906.0,6882.0,5540.0,3226.0,4660.0,11335.0,4466.0,38860
"Portland-Vancouver-Hillsboro, OR-WA Metro Area",344266.0,8718.0,26200.0,43882.0,44576.0,39145.0,33145.0,21615.0,29245.0,83683.0,14057.0,38900
"Port St. Lucie, FL Metro Area",46968.0,1337.0,2799.0,4460.0,5705.0,3333.0,5230.0,5101.0,5802.0,10779.0,2422.0,38940
"Harrisburg-Carlisle, PA Metro Area",70093.0,3121.0,7934.0,9988.0,8600.0,8239.0,6035.0,3260.0,4377.0,15078.0,3461.0,25420
"Harrisonburg, VA Metro Area",18269.0,898.0,2056.0,2738.0,1752.0,1807.0,1123.0,1034.0,1453.0,4191.0,1217.0,25500
"Hartford-West Hartford-East Hartford, CT Metro Area",157725.0,5573.0,9966.0,20370.0,16674.0,17032.0,14534.0,11824.0,13322.0,37611.0,10819.0,25540
"Hobbs, NM Micro Area",7429.0,428.0,1013.0,797.0,923.0,477.0,694.0,0.0,421.0,1437.0,1239.0,26020
"Holland, MI Micro Area",6936.0,185.0,950.0,656.0,1217.0,1058.0,404.0,231.0,516.0,1130.0,589.0,26090
"Homosassa Springs, FL Metro Area",11405.0,123.0,1189.0,878.0,1752.0,899.0,1643.0,401.0,1239.0,1701.0,1580.0,26140
"Hot Springs, AR Metro Area",12789.0,333.0,1276.0,1283.0,1911.0,1181.0,743.0,1076.0,715.0,3263.0,1008.0,26300
"Houma-Thibodaux, LA Metro Area",21739.0,726.0,1864.0,2109.0,2060.0,1870.0,2022.0,692.0,2368.0,3774.0,4254.0,26380
"Houston-The Woodlands-Sugar Land, TX Metro Area",912623.0,34134.0,76673.0,115710.0,113077.0,101524.0,76839.0,52507.0,79296.0,205792.0,57071.0,26420
"Huntington-Ashland, WV-KY-OH Metro Area",42886.0,1905.0,2798.0,3967.0,3617.0,3294.0,3095.0,2577.0,3072.0,11008.0,7553.0,26580
"Huntsville, AL Metro Area",58161.0,3889.0,5558.0,7319.0,6004.0,7455.0,5049.0,3738.0,3489.0,11367.0,4293.0,26620
"Huntsville, TX Micro Area",13832.0,174.0,835.0,1661.0,2187.0,518.0,776.0,1162.0,720.0,3592.0,2207.0,26660
"Hutchinson, KS Micro Area",7341.0,619.0,803.0,727.0,560.0,744.0,552.0,876.0,583.0,1594.0,283.0,26740
"Idaho Falls, ID Metro Area",13765.0,572.0,839.0,1542.0,1690.0,1273.0,1029.0,1038.0,1679.0,3138.0,965.0,26820
"Indiana, PA Micro Area",10142.0,881.0,879.0,1303.0,659.0,769.0,856.0,407.0,596.0,2777.0,1015.0,26860
"Indianapolis-Carmel-Anderson, IN Metro Area",267273.0,8692.0,23492.0,35571.0,33961.0,28149.0,24804.0,13851.0,23552.0,54880.0,20321.0,26900
"Iowa City, IA Metro Area",25374.0,727.0,1475.0,3758.0,2868.0,1825.0,1553.0,1035.0,2518.0,7673.0,1942.0,26980
"Jamestown-Dunkirk-Fredonia, NY Micro Area",15226.0,643.0,1201.0,2592.0,903.0,1210.0,1010.0,685.0,1336.0,4533.0,1113.0,27460
"Janesville-Beloit, WI Metro Area",22059.0,869.0,2381.0,3171.0,2514.0,2165.0,1564.0,1963.0,1420.0,4663.0,1349.0,27500
"Jefferson, GA Micro Area",5195.0,358.0,492.0,584.0,326.0,319.0,432.0,222.0,347.0,1105.0,1010.0,27600
"Jefferson City, MO Metro Area",16347.0,1358.0,1725.0,2785.0,1502.0,1342.0,625.0,1099.0,808.0,2477.0,2626.0,27620
"Johnson City, TN Metro Area",28048.0,364.0,1555.0,2996.0,4331.0,3500.0,1823.0,1805.0,3652.0,4985.0,3037.0,27740
"Johnstown, PA Metro Area",13671.0,827.0,1069.0,1755.0,1189.0,1420.0,1429.0,813.0,1301.0,2104.0,1764.0,27780
"Jonesboro, AR Metro Area",21081.0,507.0,2894.0,3155.0,1981.0,1971.0,1502.0,770.0,1651.0,3559.0,3091.0,27860
"Joplin, MO Metro Area",22892.0,1543.0,2410.0,3149.0,2421.0,1542.0,1907.0,1739.0,1508.0,4514.0,2159.0,27900
"Kahului-Wailuku-Lahaina, HI Metro Area",22310.0,869.0,1187.0,2393.0,3586.0,1951.0,1991.0,1837.0,1046.0,4917.0,2533.0,27980
"Ithaca, NY Metro Area",17988.0,615.0,919.0,1815.0,2069.0,1133.0,985.0,1222.0,1021.0,7188.0,1021.0,27060
"Jackson, MI Metro Area",16349.0,753.0,1577.0,1782.0,2289.0,1477.0,1125.0,650.0,1918.0,3352.0,1426.0,27100
"Jackson, MS Metro Area",69114.0,1756.0,6629.0,8735.0,7690.0,8235.0,4512.0,3659.0,4608.0,15147.0,8143.0,27140
"Jackson, TN Metro Area",16715.0,311.0,950.0,1821.0,2577.0,1684.0,1022.0,921.0,1501.0,3858.0,2070.0,27180
"Jacksonville, FL Metro Area",203650.0,6631.0,16722.0,24785.0,23387.0,21706.0,19651.0,13354.0,18110.0,41873.0,17431.0,27260
"Jacksonville, NC Metro Area",28533.0,590.0,2726.0,4327.0,4486.0,4447.0,2676.0,1584.0,2034.0,4028.0,1635.0,27340
"Portsmouth, OH Micro Area",10422.0,445.0,1159.0,857.0,1351.0,1153.0,804.0,810.0,560.0,1865.0,1418.0,39020
"Pottsville, PA Micro Area",15470.0,751.0,1625.0,1412.0,1590.0,1920.0,1881.0,1022.0,1359.0,2125.0,1785.0,39060
"Prescott, AZ Metro Area",28273.0,1479.0,2671.0,2311.0,3296.0,3240.0,1418.0,1823.0,2934.0,6748.0,2353.0,39140
"Providence-Warwick, RI-MA Metro Area",239257.0,11280.0,26112.0,27482.0,26943.0,32039.0,22246.0,12905.0,17234.0,49861.0,13155.0,39300
"Provo-Orem, UT Metro Area",56146.0,2942.0,4398.0,8085.0,6832.0,5723.0,6152.0,4270.0,4955.0,10523.0,2266.0,39340
"Pueblo, CO Metro Area",24158.0,821.0,1767.0,2915.0,3107.0,2520.0,1623.0,985.0,1638.0,6716.0,2066.0,39380
"Punta Gorda, FL Metro Area",14771.0,554.0,624.0,2021.0,2626.0,872.0,1378.0,547.0,1705.0,3550.0,894.0,39460
"Quincy, IL-MO Micro Area",7812.0,493.0,943.0,895.0,886.0,624.0,541.0,148.0,669.0,1859.0,754.0,39500
"Racine, WI Metro Area",25050.0,669.0,2812.0,2942.0,2896.0,3865.0,1538.0,1344.0,1872.0,6159.0,953.0,39540
"Raleigh, NC Metro Area",162985.0,4264.0,18676.0,24724.0,22724.0,19406.0,11624.0,12103.0,14989.0,27669.0,6806.0,39580
"Rapid City, SD Metro Area",18608.0,799.0,1424.0,2391.0,2790.0,2495.0,1297.0,1216.0,1350.0,3631.0,1215.0,39660
"Reading, PA Metro Area",43041.0,1782.0,4452.0,4703.0,5253.0,4365.0,3685.0,2682.0,4141.0,9477.0,2501.0,39740
"Redding, CA Metro Area",25529.0,352.0,783.0,2980.0,2269.0,3260.0,2155.0,1356.0,2674.0,7968.0,1732.0,39820
"Reno, NV Metro Area",76134.0,4101.0,5459.0,10868.0,10846.0,8772.0,6947.0,5624.0,6762.0,14193.0,2562.0,39900
"Richmond, IN Micro Area",9013.0,284.0,735.0,1110.0,1127.0,1370.0,745.0,804.0,481.0,1752.0,605.0,39980
"Richmond, VA Metro Area",162581.0,6468.0,15623.0,18803.0,22584.0,16331.0,14454.0,10522.0,15443.0,35168.0,7185.0,40060
"Richmond-Berea, KY Micro Area",15753.0,1105.0,2107.0,2188.0,1798.0,1738.0,859.0,559.0,1075.0,2923.0,1401.0,40080
"Riverside-San Bernardino-Ontario, CA Metro Area",497819.0,10032.0,27238.0,50177.0,56578.0,51271.0,45456.0,36898.0,51340.0,141941.0,26888.0,40140
"Roanoke, VA Metro Area",40881.0,1318.0,4354.0,5466.0,5311.0,3408.0,2659.0,2027.0,3522.0,9912.0,2904.0,40220
"Roanoke Rapids, NC Micro Area",10674.0,47.0,631.0,1001.0,1244.0,1109.0,832.0,363.0,773.0,2489.0,2185.0,40260
"Rochester, MN Metro Area",21714.0,858.0,2270.0,2723.0,2704.0,3520.0,1777.0,936.0,1280.0,4241.0,1405.0,40340
"Rochester, NY Metro Area",144686.0,3756.0,10865.0,16629.0,16459.0,15851.0,11451.0,8431.0,11953.0,41004.0,8287.0,40380
"Rockford, IL Metro Area",41027.0,1442.0,3145.0,5361.0,5935.0,3940.0,3608.0,2393.0,2649.0,10227.0,2327.0,40420
"Rocky Mount, NC Metro Area",22681.0,524.0,2219.0,2247.0,2584.0,3469.0,1489.0,1300.0,1577.0,4240.0,3032.0,40580
"Rome, GA Metro Area",13777.0,888.0,1618.0,1613.0,1335.0,814.0,846.0,1317.0,748.0,3501.0,1097.0,40660
"Roseburg, OR Micro Area",13949.0,957.0,1412.0,2207.0,2207.0,575.0,1132.0,266.0,1667.0,1789.0,1737.0,40700
"Roswell, NM Micro Area",6804.0,71.0,572.0,930.0,1130.0,654.0,422.0,352.0,892.0,1148.0,633.0,40740
"Russellville, AR Micro Area",8717.0,694.0,1113.0,1446.0,909.0,445.0,1108.0,139.0,429.0,1875.0,559.0,40780
"Sacramento--Roseville--Arden-Arcade, CA Metro Area",329869.0,7199.0,20212.0,36849.0,38376.0,38687.0,33546.0,20116.0,31929.0,87952.0,15003.0,40900
"Saginaw, MI Metro Area",23670.0,582.0,1586.0,1466.0,3376.0,3374.0,1557.0,1459.0,2205.0,6383.0,1682.0,40980
"St. Cloud, MN Metro Area",22819.0,1470.0,2448.0,3088.0,2355.0,2167.0,2588.0,958.0,1384.0,5306.0,1055.0,41060
"St. George, UT Metro Area",17463.0,912.0,2155.0,1304.0,2391.0,1053.0,1070.0,1738.0,1573.0,3779.0,1488.0,41100
"St. Joseph, MO-KS Metro Area",16400.0,938.0,1903.0,1618.0,2002.0,2266.0,761.0,1110.0,937.0,2659.0,2206.0,41140
"St. Louis, MO-IL Metro Area",348069.0,13767.0,33774.0,46879.0,40107.0,34322.0,28689.0,19790.0,29566.0,81951.0,19224.0,41180
"Salem, OH Micro Area",10392.0,427.0,818.0,1032.0,917.0,1287.0,364.0,600.0,880.0,2628.0,1439.0,41400
"Salem, OR Metro Area",55802.0,1421.0,2975.0,7806.0,8164.0,6482.0,3582.0,3350.0,4327.0,13715.0,3980.0,41420
"Salinas, CA Metro Area",61162.0,1151.0,2809.0,8019.0,7684.0,6196.0,6429.0,3677.0,7540.0,15618.0,2039.0,41500
"Salisbury, MD-DE Metro Area",38800.0,1608.0,3714.0,5140.0,4275.0,3914.0,3008.0,1999.0,3979.0,8700.0,2463.0,41540
"Salt Lake City, UT Metro Area",126867.0,3293.0,11995.0,17832.0,19227.0,14625.0,12003.0,7548.0,10366.0,22638.0,7340.0,41620
"San Angelo, TX Metro Area",15080.0,109.0,1563.0,2063.0,1590.0,1835.0,2058.0,824.0,1321.0,2403.0,1314.0,41660
"San Antonio-New Braunfels, TX Metro Area",297693.0,8375.0,21367.0,35283.0,37791.0,33418.0,26087.0,21257.0,27540.0,65374.0,21201.0,41700
"San Diego-Carlsbad, CA Metro Area",523870.0,10923.0,28823.0,53187.0,61578.0,60878.0,53381.0,37574.0,54424.0,142567.0,20535.0,41740
"Sandusky, OH Micro Area",11010.0,270.0,1490.0,1528.0,2232.0,640.0,643.0,146.0,762.0,2546.0,753.0,41780
"San Francisco-Oakland-Hayward, CA Metro Area",768590.0,39853.0,69704.0,102788.0,94669.0,85575.0,64749.0,47544.0,60221.0,171328.0,32159.0,41860
"San Germán, PR Metro Area",13724.0,259.0,394.0,612.0,223.0,690.0,1201.0,235.0,572.0,821.0,8717.0,41900
"San Jose-Sunnyvale-Santa Clara, CA Metro Area",278779.0,10422.0,26022.0,35254.0,39187.0,30617.0,24769.0,16734.0,22251.0,62335.0,11188.0,41940
"San Juan-Carolina-Caguas, PR Metro Area",247926.0,4957.0,10288.0,13690.0,16270.0,18862.0,14709.0,9887.0,11333.0,41279.0,106651.0,41980
"San Luis Obispo-Paso Robles-Arroyo Grande, CA Metro Area",41440.0,1131.0,3575.0,4486.0,4144.0,5201.0,2079.0,3092.0,3835.0,10879.0,3018.0,42020
"Santa Cruz-Watsonville, CA Metro Area",36255.0,1703.0,1863.0,3986.0,1885.0,4110.0,2984.0,3313.0,2578.0,11479.0,2354.0,42100
"Santa Fe, NM Metro Area",17668.0,727.0,1384.0,1945.0,2762.0,1032.0,1648.0,1212.0,2010.0,2872.0,2076.0,42140
"Santa Maria-Santa Barbara, CA Metro Area",72047.0,3084.0,2771.0,6711.0,8732.0,8814.0,8172.0,5373.0,6659.0,18654.0,3077.0,42200
"Santa Rosa, CA Metro Area",73098.0,2168.0,4869.0,7026.0,7977.0,8349.0,7138.0,5853.0,7864.0,18358.0,3496.0,42220
"Savannah, GA Metro Area",57155.0,2662.0,4609.0,5907.0,5042.0,7490.0,4347.0,3859.0,4885.0,12394.0,5960.0,42340
"Scranton--Wilkes-Barre--Hazleton, PA Metro Area",76398.0,3988.0,7124.0,10646.0,9109.0,8938.0,4790.0,3754.0,5365.0,14739.0,7945.0,42540
"Searcy, AR Micro Area",8516.0,253.0,1468.0,1607.0,760.0,445.0,395.0,690.0,667.0,1228.0,1003.0,42620
"Seattle-Tacoma-Bellevue, WA Metro Area",596219.0,16503.0,43958.0,78375.0,85241.0,73866.0,56997.0,37833.0,50005.0,126932.0,26509.0,42660
"Sebastian-Vero Beach, FL Metro Area",12804.0,356.0,141.0,1407.0,2062.0,732.0,874.0,1769.0,1920.0,3093.0,450.0,42680
"Sebring, FL Metro Area",12316.0,302.0,1124.0,1514.0,1218.0,1067.0,1089.0,651.0,1421.0,2597.0,1333.0,42700
"Seneca, SC Micro Area",9101.0,376.0,362.0,1467.0,521.0,508.0,731.0,506.0,1314.0,1321.0,1995.0,42860
"Sevierville, TN Micro Area",11232.0,633.0,721.0,1969.0,1418.0,1455.0,1217.0,446.0,921.0,1486.0,966.0,42940
"Show Low, AZ Micro Area",12382.0,1062.0,876.0,1735.0,1192.0,932.0,807.0,418.0,959.0,2193.0,2208.0,43320
"Shreveport-Bossier City, LA Metro Area",68036.0,1110.0,4842.0,6543.0,6622.0,5688.0,4780.0,4449.0,7821.0,16674.0,9507.0,43340
"Sierra Vista-Douglas, AZ Metro Area",14855.0,431.0,1760.0,3308.0,1603.0,1637.0,871.0,1134.0,1054.0,2284.0,773.0,43420
"Sioux City, IA-NE-SD Metro Area",20301.0,1715.0,2329.0,2768.0,2673.0,1500.0,1351.0,666.0,1630.0,3496.0,2173.0,43580
"Sioux Falls, SD Metro Area",33277.0,2255.0,3723.0,4153.0,5404.0,3310.0,3285.0,1851.0,2070.0,6261.0,965.0,43620
"Somerset, PA Micro Area",6529.0,525.0,758.0,592.0,436.0,549.0,914.0,329.0,571.0,884.0,971.0,43740
"South Bend-Mishawaka, IN-MI Metro Area",35508.0,2092.0,3509.0,4527.0,3794.0,4421.0,2293.0,1648.0,2177.0,6540.0,4507.0,43780
"Spartanburg, SC Metro Area",39170.0,2172.0,4087.0,4817.0,4302.0,3473.0,1447.0,2215.0,3305.0,8118.0,5234.0,43900
"Shawnee, OK Micro Area",7982.0,613.0,838.0,1047.0,817.0,959.0,571.0,399.0,584.0,1016.0,1138.0,43060
"Sheboygan, WI Metro Area",14979.0,826.0,2177.0,2266.0,1945.0,2048.0,1248.0,1177.0,1002.0,1428.0,862.0,43100
"Shelby, NC Micro Area",12914.0,485.0,760.0,1800.0,1497.0,1684.0,709.0,1067.0,920.0,2421.0,1571.0,43140
"Sherman-Denison, TX Metro Area",16203.0,620.0,2072.0,2042.0,1248.0,2964.0,1446.0,577.0,1119.0,2814.0,1301.0,43300
"Sunbury, PA Micro Area",11018.0,317.0,974.0,1126.0,1819.0,554.0,1069.0,614.0,1209.0,1931.0,1405.0,44980
"Spokane-Spokane Valley, WA Metro Area",79737.0,3139.0,7334.0,7414.0,9340.0,9906.0,7174.0,6320.0,6413.0,18220.0,4477.0,44060
"Springfield, IL Metro Area",26209.0,1612.0,2933.0,3579.0,2842.0,2197.0,1632.0,1036.0,1499.0,7201.0,1678.0,44100
"Springfield, MA Metro Area",93503.0,3617.0,6617.0,9359.0,11607.0,9927.0,7977.0,4554.0,9996.0,24967.0,4882.0,44140
"Springfield, MO Metro Area",66998.0,2665.0,6383.0,8379.0,9204.0,8187.0,3692.0,3001.0,6748.0,14408.0,4331.0,44180
